review,rating,day,month,year
"excellent ,site s√©rieux,professionnel et a l‚Äô√©coute de ses clients,je recommande.mr pousset",5,21,mars,2021
"exp√©dition rapide, proposition de prix attractive, parfait.",5,20,mars,2021
livrer tr√®s rapidement apr√®s commande emballage en parfait √©tatproduit de tr√®s bonne qualit√© merci pour les conseils d experts du site,5,19,mars,2021
"equipe efficace pour le service apr√®s vente r√©pondent toujours √† vos questions malgr√© votre persistance , je suis vraiment ravi de leur professionnalisme .je ferai d'autre commandes sans h√©sitation .attention tout de m√™me au mat√©riel ""en r√©approvisionnement "" , il ne faut pas √™tre press√© .",5,19,mars,2021
vite correct ras,5,19,mars,2021
allez y en toute confiance .magasin tr√®s serieux . apr√®s avoir pass√© plusieurs commandes je peut dire qu‚Äôil n‚Äôy eu aucun soucis et si il y a erreur se qui peut arriver cela est r√©gler dans la journ√©e.,5,19,mars,2021
rien √† dire. beaucoup de choix des produits parfois rares exp√©dition rapide,5,17,mars,2021
"meilleur prix qu'ailleurs, livraison ultra rapide, je recommande.",5,19,mars,2021
"j'ai pass√© ma premi√®re commande le 24 janvier 2021 chez homecin√©solutions pour un support tv vogel. au d√©part je cherchais une barre de son et j'ai trouv√© chez homecin√©solutions une offre large de mat√©riel haut de gamme √† des prix tr√®s comp√©titifs. prise de commande et livraison parfaites - je n'ai pas eu affaire au service client mais je n'ai aucune inqui√©tude.il me reste √† commander la barre de son (sonos arc) avec subwoofer et enceintes arri√®res... c'est un beau budget, et je compte le d√©penser chez homecin√©solutions !",5,24,janvier,2021
"je regrette que le r√®glement se fasse √† la commande et non √† la livraison.si un article est indisponible lors d'une commande globale, il faut attendre la livraison de ce dernier pour obtenir la livraison. pas de livraison partielle.difficult√© √† contacter un interlocuteur au t√©l√©phone pour le conseil. temps d'attente tr√®s tr√®s long.",3,18,mars,2021
livraison de la commande tr√®s rapide avec un suivi tr√®s pr√©cis des diff√©rentes √©tapes de livraison.mat√©riel parfaitement conforme √† ce que j‚Äôattendais.merci,5,18,mars,2021
"tout se d√©roule comme pr√©vu, mat√©riel en bon √©tat.tr√®s satisfait √† tout point de vu.",5,18,mars,2021
tr√®s satisfait de mon achat. super service. merci.,5,18,mars,2021
"excellent rapport qualit√©/ prix, image de tr√®s bonne qualit√©, seul manqe de couleur sur le ciel qui appara√Æt en l√©ger damier quand on regarde de pr√™t.un peu bruyant mais esquiss√© avec un home cin√©ma.projection en 4k sur 3,30m de diagonale",5,18,mars,2021
"bons conseils pr√©-commande, livraison tr√®s rapide ensuite.",5,3,mars,2021
"tr√®s satisfait de mon achat,exp√©di√© rapidement.",4,18,mars,2021
"le choix des produits est tr√®s bon, les devis offerts sont plus que corrects et les mentions de disponibilit√© sont fiables.le choix de geodis pour le transport est un tr√®s bon choix.vous pouvez y aller...",5,18,mars,2021
"un ampli a/v marantz sr8015 command√© et re√ßu en 72h comme pr√©vu en parfait √©tat, au meilleurs prix,vendeur s√©rieux,je le recommande !",5,17,mars,2021
emballage et livraison soign√©s.,5,17,mars,2021
tr√®s bon mat√©riel. tr√®s bon conseil. tr√®s √† l'√©coute. grand professionnalisme.,5,17,mars,2021
"bonne disponibilit√© du personnel, bons conseils, bon rapport qualit√© prix.",5,17,mars,2021
"tr√®s bon tarif, rapide.... dommage pas de klipsch chez vous.",5,17,mars,2021
conseils et sav excellent!,5,17,mars,2021
bon son l√† finition un peut juste pour ce mod√®le .,4,17,mars,2021
"livraison conforme √† la commande, mat√©riel super bien emball√© pour √©viter la casse et d√©lai livraison acceptable. informations suivi commande par mail.",5,17,mars,2021
du conseil jusqu a la livraison tout fut  parfait merci,5,17,mars,2021
rapidit√© de livraison produit tr√®s bien emball√© et prot√©g√© je recommande sans h√©sitation,5,17,mars,2021
"c'est pro, c'est rapide, tr√®s bon service clients. j'en parle √† tous mes amis qui ont des projets de home cin√©ma !",5,17,mars,2021
un bon site en termes de conditions et rabais sur les produits. livraison rapide.,5,16,mars,2021
tres bon mat√©riel    enti√®rement  satisfait  je recommanderai  homecinesolution a mes proches  et mes  connaissances  merci,5,16,mars,2021
"site s√©rieux et tr√®s professionnel, une excellente sav rapide, je recommande fortement...",5,16,mars,2021
service sav qui fait tout pour pas faire jouer la garantie du vendeur .... vraiment dommage de leser les clients des qu'un produit a un soucis,1,16,mars,2021
tr√®s bon conseil et tr√®s bons produits bien emball√© et livraison rapide,5,16,mars,2021
"excellent produit en terme d'image, de la profondeur, du relief et un noir d√©ment.une image uhd √©poustouflante. m√™me la tv en hd est magnifique, les visages cr√©vent l'√©cran.relativement facile √† placer. prise en main au niveau des r√©glages d'image n√©cessitant une petite accoutumance. applications android install√©es peu performantes, notamment netflix qui ne fonctionne pas.niveau sonore ultra faible.remplace avantageusement un ancien benq √† focale longue.",5,16,mars,2021
"personnel tr√®s aimable, r√©ponses rapides aux question et conseils judicieux, mat√©riel toujours re√ßu jusqu'√† pr√©sent en parfait √©tat, scell√© solidement dans son emballage, produits de qualit√© √† des prix vraiment tr√®s int√©ressants. bonne continuation!",5,16,mars,2021
"super ! envoi super rapide et soign√©, le site propose des tarifs int√©ressants, ils sont aussi tr√®s r√©actifs pour vous apporter un conseil avant achat et prennent le temps de r√©pondre √† toutes vos questions, solutionnant chaque point avec des conseils avis√©s. tr√®s contente ! merci beaucoup :)",5,2,mars,2021
"barre de son panasonic sc-htb400. cette barre est id√©ale pour compl√©menter ma t√©l√©vision √©galement de marque panasonic. livraison rapide. totalement satisfait, je recommande ce site.",5,16,mars,2021
"tr√®s content du service , de l'√©tat du produit et de son conditionnement. quand on habite dans les dom (martinique) on est tr√®s sensible √† √ßa.",5,15,mars,2021
"produit impeccable, envoi ultra rapide et tr√®s bonne communication...que demander de plus ?",5,15,mars,2021
"parfait, r√©actif, dans les d√©lais",4,15,mars,2021
"comme toujours, pleinement satisfait des prestations de flash rc.",5,21,mars,2021
tbien.ras. parfait.,5,21,mars,2021
le top au niveau conseil mat√©riel.,5,21,mars,2021
prix correct et envoi tr√®s rapide.,5,21,mars,2021
"tr√®s bon service, comme d'habitude",5,21,mars,2021
bonjour tr√®s satisfait de livraison et commande convivial professionnel rien √† dire,5,21,mars,2021
j'ai √©t√© parfaitement renseign√©.,5,21,mars,2021
produits livr√©s rapidement et sans probl√®me. je ne mets que ¬´¬†moyen¬†¬ª car j‚Äôavais mis un commentaire avec une petite pr√©cision pour la d√©coupe des joncs carbone et il n a pas √©t√© pris en compte.,3,21,mars,2021
"un magasin sp√©cialis√© pour les mod√©listes, le personnels est comp√©tents dans les diff√©rents domaines du mod√©lisme. disponibilit√©s du mat√©riels  avec des prix raisonnables les commandes et les livraisons sont  trait√©es rapidement.",5,21,mars,2021
toujours au top !,5,20,mars,2021
ne changez rien une bonne √©quipe r√©active ,5,20,mars,2021
r√©activit√© parfaite,5,20,mars,2021
"d√©√ßu de ma cde une planche de samba fourni vraiment vrill√©, inutilisable.",2,20,mars,2021
les conseils techniques avant la vente sont de grande qualit√©.la livraison s'est tr√®s bien pass√©e et est tr√®s rapide . le planeur tr√®s bien emball√© est arriv√© sans d√©g√¢t. je suis tr√®s content de la prestation de flash rc.bravo √† toute l'√©quipe.,5,20,mars,2021
commande arriv√©e rapidement c'est parfait !,5,20,mars,2021
bonne r√©activit√©,5,20,mars,2021
command de  2 fuselage tout simplement magnifique ü•≥,5,20,mars,2021
livraison rapide bon produits command√©s,5,20,mars,2021
"magasin au top et envois rapides, sans doute un des meilleurs magasins fran√ßais!",5,20,mars,2021
"suite √† un petit probl√®me avec un nouveau moteur et son contr√¥leur , appel du service technique qui me donne une solution . apr√©s mise ne oeuvre probl√®me r√©solu .bonne prise ne compte du probl√®me rapidit√© de r√©action . rien √† dire tout va bien .",5,20,mars,2021
"ne changez rien, c'est parfait",4,20,mars,2021
"prise en compte rapide par les √©quipes  de flash rc de votre commande et r√©ponses rapide √† vos questions, ils sont √† votre √©coute, et vous conseille.",5,20,mars,2021
"s√©rieux,livraison rapide ,√† recommander",5,20,mars,2021
"bonjourla maquette √©tait conforme √† la description. livraison rapide, je remercie votre √©quipe cordialement m g",5,20,mars,2021
"un peu difficile de les avoir au t√©l√©phone, mais apr√®s cette difficult√©, du bonheur qui se retrouve sur un alpina carbotec 4m. je ne regrette pas cet achat d'un vendredi soir 17h30 d'une jeti ds16 red carbon. merci √† mon vendeur qui a √©t√© d'un excellent conseil.",5,20,mars,2021
bon site de vente en ligne. r√©actif et a l'√©coute.,5,20,mars,2021
au top comme toujours !!,5,19,mars,2021
"toujours aussi professionnel,  rien √† dire sauf un grand merci.",5,19,mars,2021
"tr√®s content, envoi rapide et le colis est bien prot√©g√©",5,19,mars,2021
"envoi rapide, service client reactif, merci",5,19,mars,2021
"livraison conforme √† ma commande , bien emball√© et dans les d√©lais . merci",5,19,mars,2021
il manquait un jonc carbone dans mon colis qui apparemment s'√©tait √©chapp√© par un petit trou dans l'angle du carton. le sav m'a renvoy√© un jonc d√®s le lendemain.merci beaucoup au sav pour cette r√©activit√© appr√©ciable.,4,12,mars,2021
rapidit√© et confirmation de ma commande,5,19,mars,2021
livraison rapide et conforme.,5,19,mars,2021
efficace et rapide,5,19,mars,2021
emballage insuffisant arriv√© tordu et √©cras√©.,3,18,mars,2021
"du choix,  du stock,  des prix int√©ressants et enfin des d√©lais de traitement des commandes tr√®s  courts. une √©quipe tr√®s  r√©active.",5,18,mars,2021
"je n'avais pas encore fait d'achat important ,tout s'√©tait bien pass√©.l√† j'ai fait 2 commandes √† 48 heures d'intervalle et vraiment aucun probl√®me et d√©lai tr√®s court.bravo.continuez comme cela.",5,18,mars,2021
"parfait envoi rapide , produit bien emball√©. comme d'habitude.",5,18,mars,2021
livraison tr√®s rapide. emballage nickel.,5,12,mars,2021
tr√®s satisfait de ma cde.,5,21,mars,2021
j ai fait une commande dans laquelle un article n etait pas bon (cable chargeur samsung) j ai appel√© le service client pour un √©change et surprise on m a envoy√© le cable demand√© et √† sa r√©ception seulement j ai retourn√© le cable qui ne convenait pas merci pour la confiance faite au client,5,21,mars,2021
produit bien prot√©g√© et conforme.,5,21,mars,2021
produit  conforme √† la commande  et livraison  rapide  tr√®s bon site internet,5,21,mars,2021
envoi tr√®s rapide. tr√®s satisfaite.,5,21,mars,2021
"l'√©change s'est bien pass√©, √† part le c√¢ble qui est un peu trop court ,mais √† part √ßa rien √† en redire , tr√®s pro et r√©actifs !encore merci",5,21,mars,2021
produit conforme √† la commande et livr√© rapidement,4,21,mars,2021
service client toujours a l'√©coute et de bons conseils. livraison rapide et prix raisonnables,5,21,mars,2021
commande r√©alis√©e dans des conditions tr√®s rapides et correspondant √† notre attente,5,21,mars,2021
"nickel ! tout √©tait conforme aux attentes, produits + livraison ! :-)",5,21,mars,2021
livraison dans les d√©lais. pas compliqu√© √† installer contente de mon achat,5,21,mars,2021
"le film est aux bonnes dimensions, mais c‚Äôest tout .pas d‚Äôexplications pour la pose . gal√®re pour l‚Äôinstaller. donc le film commence √† se d√©t√©riorer aux coins du portable. j‚Äôattend que cela se decolle un peu plus et je change pour un verre tremp√©.",3,21,mars,2021
produit conforme √† la commande. livraison ultra rapide !,5,21,mars,2021
tr√®s satisfait des produits command√©s. livraison rapide.je recommande.,5,21,mars,2021
"bien, livr√© comme pr√©vu. le produit m√©riterait d'√™tre mieux pr√©sent√©, par exemple, les boutons en superposition pour le marche-arr√™t et le volume sont difficiles √† ma√Ætriser en pression. ceci ne se voit pas!",5,21,mars,2021
pas de soucis cde respect√©e et produits satisfaisants ..cdt,5,21,mars,2021
bon accueil.rapidite d'ex√©cutionsatisfait de l'exp√©rience e,5,21,mars,2021
livraison rapide sans probl√®me a signaler.,5,21,mars,2021
tr√®s satisfaite produit dans le temps pr√©vu bien emballer!!!,5,21,mars,2021
produit tout √† fait conforme √† ma demande,5,21,mars,2021
merci commade re√ßu et tant et en heure,5,21,mars,2021
"envoi dans les temps, conforme au visuel du site, bien prot√©g√©. super efficace.",5,21,mars,2021
tjs respect des d√©lais et des prix comp√©titifs:),5,5,mars,2021
article correspondant √† la commande avec une tr√®s grande rapidit√© de livraison,4,21,mars,2021
"suite a ma commande de protection d'√©cran pour mon galaxy s10+, j'ai pris un peu peur au d√©but pour l'installer car je n'arrivais pas a chasser toutes les bulles. mais une fois le film qui prot√®ge la protection d'√©cran, il n'y avait plus de bulle. moins de traces de doigts qu'avec celui d'origine, sinon il est aussi fin et souple ce qui permet celui-ci de bien √©pouser l'arrondit de l'√©cran et de fonctionner pour l'empreinte.je re-commande. bon rapport qualit√© prix.",5,21,mars,2021
produit correspondant exactement au t√©l√©phone. livraison r√©alis√©e avec les contraintes impos√©es de du gouvernement...,5,21,mars,2021
tr√®s tr√®s satisfaite du produit livraison rapide √† recommander,5,21,mars,2021
"excellente r√©activit√© :j‚Äôavais choisi un √©tui de t√©l√©phone qui au final ne me plaisait pas, j‚Äôen ai re√ßu un autre qui correspondait √† mes attentes sans que gsm55 attende mon retour, dans des d√©lais express. je recommande !",5,21,mars,2021
"rien √† dire, toujours bien servi. articles de tr√®s bonne qualit√©. tr√®s bon rapport qualit√© prix. envoi rapide.",5,21,mars,2021
tres bon produit et de plus recu chez moi tres rapide ment. merci a+,5,21,mars,2021
produit conforme √† ma commande.vitre de protection et coque parfaitement adapt√© √† mon t√©l√©phone. tr√®s satisfait,4,21,mars,2021
housse t√©l√©phone bien adapt√© √† mon iphone,4,21,mars,2021
"rien √† dire , si ce n'est: service et contact parfait site de vente tr√®s r√©actif , produit correspondant √† la description je recommande !",5,20,mars,2021
produit conforme √† la  commande  et a mes attentes.,5,20,mars,2021
service rapide et efficace.,5,20,mars,2021
j'ai √©t√© satisfaite de ma commande!,4,20,mars,2021
parfait comme √† chacune de mes commandes...,5,20,mars,2021
j'ai √©t√© tr√®s satisfaite de la rapidit√© du service et du produit livr√© qui correspondait √† mon attente.,1,20,mars,2021
tres contant,5,20,mars,2021
produit conforme √† son origine et livr√© rapidement,5,20,mars,2021
produit au top et livraison rapide,5,21,mars,2021
"bon produit, avec les rivets blanc inclus envoi rapide.",5,20,mars,2021
"seul d√©faut, boite trop grand pour le produit   dans mon cas.",5,20,mars,2021
"efficace, rapide, bon conseils, beaucoup de choix et rapport ""qualit√© / prix"" en correspondance avec celui du march√©.",5,20,mars,2021
excellent produit et conforme √† mes attentes,5,20,mars,2021
toujours aussi r√©actif !!!,5,20,mars,2021
"tout est parfait, bien emball√©, envoy√© rapidement ! soit parfait !",5,20,mars,2021
"envois tres rapide, conforme a ma commande.je recommande ce site",5,19,mars,2021
r√©ponses rapides lors de demandes d'informations et respect des d√©lais de livraison.,5,11,mars,2021
"produits re√ßus en bon √©tat, de bonne qualit√© et dans un d√©lia tr√®s court. compl√®tement satisfait!!",4,18,mars,2021
s√©rieux et rapide....,4,18,mars,2021
"assez d√©cevant, carton d√©chir√© √† la r√©ception du colis et cass√© constat√© sur le drone ( couvercle de batteries cass√©).je dois faire des d√©marches administratives et retourner mon colis avec un formulaire rma. √ßa commence bien!!!",3,18,mars,2021
"parmis m'a commande il y avait un produit qui n'√©tait pas disponible. sur m'a demande, ils m'ont rembours√© ce produit et envoy√© de suite le restant de ma commande. cette derni√®re re√ßue rapidement √©tait conforme √† mes attentes.merci",5,18,mars,2021
"produits de qualit√©, prix corrects, r√©activit√© rapideque demander de plus",5,18,mars,2021
"bon contact, commande livr√©e super bien emball√©e et rapidement, merci",5,18,mars,2021
envoi rapide et serieux.,5,11,mars,2021
"probl√®mes de livraison, emballage √©cras√©, probl√®mes de batterie avec la camera qui se decharge seule de 10 % par jour.la reponse:d√©monter la batterie si on ne s'en sert pas. du coup il faut tout parametrer √† chaque fois.",1,18,mars,2021
"excellent conseil , livraison parfaite",5,18,mars,2021
commande conforme. rapidit√©. produit de qualit√©.,5,18,mars,2021
"bonne communication, pour le suivi du colis livr√© rapidement. pas d'avis sur le produit , pas encore utilis√©.",5,17,mars,2021
"tr√®s bon service, contact agr√©able, tr√©s bien",5,17,mars,2021
conforme √† ce qui √©tait indiqu√© sur le site avoir avec le temps et l‚Äôutilisation,5,17,mars,2021
"service t√©l√©phonique parfait, bon conseil client rapidit√© de r√©ception de la commande je recommande vivement",5,17,mars,2021
"tr√®s bon produit correspond √† mon attente, batterie un peu juste en autonomie",5,17,mars,2021
"s√©rieux et rapide, que demander de plus ! :)",5,17,mars,2021
livraison rapide ! je recommande !,5,17,mars,2021
malheureusement leur prestataire colissimo n‚Äôest vraiment pas √† la hauteur. colissimo ne g√®re pas ses points relais. il est fr√©quent qu‚Äôils d√©posent avec retard le colis dans un point relais diff√©rent de celui d√©fini.c‚Äôest dommage car la cam√©ra embarqu√©e a imm√©diatement r√©agi et exp√©di√© les produits command√©s.ils sont responsables du choix de leurs sous-traitants.,3,17,mars,2021
"produit conforme √† la pub, livraison sous 3 jours ! top !",5,17,mars,2021
"pour les accessoires vlog pour gopro, je n'ai pas trouv√© d'√©quivalent en belgique. rapide et efficace pour l'envoie des commandes. s√†v √† la hauteur, r√©actif et productif.",4,15,mars,2021
une livraison sans encombre et dans des d√©lais annonc√©s. .r.a.s,5,17,mars,2021
conforme √† mes attentes.service rapide.,5,17,mars,2021
"excellent service. aimable, comp√©tent et r√©actif. que ce soit lors de la vente ou du support technique. je recommande vivement ce magasin.",5,17,mars,2021
la livraison a √©t√© rapide et les produits correspondent √† la description.,5,16,mars,2021
superbe service tr√®s content de cette premi√®re exp√©rience avec la cam√©ra embarqu√©e.,5,16,mars,2021
"produit conforme √† la description ,r√©approvisionnement + d‚Äôun mois trop long  on se console avec de bon produit ",4,16,mars,2021
emballage √©tanche r√©utilisable : tr√©s bonne id√©e,5,16,mars,2021
top produit re√ßu dans les temps pas encore test√© les batteries !!! sinon film protecteur au top je recommande le site,5,16,mars,2021
comme annonc√© ! que vouloir de plus ?,5,16,mars,2021
tr√®s bien . bon rapport qualit√© prix,5,16,mars,2021
produit re√ßu tr√®s rapidement. qualit√© gopro,5,16,mars,2021
au top et simple d'utilisation,5,21,mars,2021
tr√®s simple d'utilisation et vraiment agr√©able de voir tous ces mails √™tre supprim√©s ,5,,,
tr√®s bien efficace et gratuit,5,21,mars,2021
ne prend pas tous les mails en compte mais fait quand m√™me un boulot fabuleux !,4,21,mars,2021
"excellent, efficace et tr√®s simple d'utilisation",5,,,
excellent !!,5,20,mars,2021
application simple √† utiliser seul b√©mol pas toujours claire si on est connect√© ou pas car il y des spams non trait√©s,4,20,mars,2021
tr√®s pratique je m'en sers r√©guli√®rement !,5,,,
hyper simple ohhhhh top,5,19,mars,2021
okokokokokok,5,19,mars,2021
excellente application...,5,18,mars,2021
"facile d'utilisation, agr√©able, tr√®s pratique, top !",5,18,mars,2021
j'esp√®re que les pubs vont s'arr√™ter !!,5,17,mars,2021
g√©nial trop bien,5,17,mars,2021
"rapide efficace, simple d'utilisation",5,17,mars,2021
tr√®s grand gain de temps et tres efficace,5,17,mars,2021
bonne appli pour faire le tri,5,16,mars,2021
pratique et essentiel,5,16,mars,2021
parfait et rapide,5,15,mars,2021
super et facile.,5,15,mars,2021
"vraiment tr√®s utile comme site, gratuit et efficace parfait !!!",5,,,
"rapide et facile √† utiliser, vous pourrez ais√©ment faire le tri dans vos diff√©rentes boites mail.une version en ligne est disponible, vous n'aurez m√™me pas besoin de t√©l√©charger quoi que ce soit.",5,14,mars,2021
merci beaucoup √† l'√©quipe cleanfox qui travaille √† rendre nos bo√Ætes mail plus propres!!,5,13,mars,2021
tr√®s satisfait de cette application.,5,12,mars,2021
marre des publicit√©s,5,11,mars,2021
outils super efficace et rapide pour trier ses mails !,5,11,mars,2021
"super outil, que j'utilise r√©guli√®rement !",5,11,mars,2021
genial utile perfect,5,,,
appli au top! ultra rapide...,5,9,mars,2021
super pratique et efficace,5,9,mars,2021
it work just as expected ! thanks,5,,,
"excellent service, fluide, intuitif, bon pour ma boite mail et la plan√®te",5,9,mars,2021
bien √ßa m'a bien nettoy√© ma boite mail,5,8,mars,2021
top application,5,8,mars,2021
supprimer 30 emails revient √† √©conomiser 24h de consommation d'une ampoule.,5,7,mars,2021
application indispensable pour la plan√®te,5,7,mars,2021
tr√®s rapide et intuitif,5,7,mars,2021
"en revanche, trust pilot est un enfer",5,7,mars,2021
parfait et tr√®s utile,5,7,mars,2021
hyper pratique,5,6,mars,2021
"franchement sympathique,permet de voir certaines stats interessantes sur twitter et d‚Äôautres info amusantes",5,,,
site sympa pour se faire des potes et partager ses d√©lires du quotidien ! leur plateforme est de bonne qualit√© et la protection des donn√©es perso est assur√©e. je la recommande sans aucune h√©sitation !,5,7,janvier,2021
"ce site est vraiment top !! beaucoup de fonctionnalit√©s superbes, je recommande ! :)",5,14,f√©vrier,2021
en sah c'est des gars bien,5,,,
c'est g√©nial,5,,,
"ce service est tr√©s rigolo comme peut √©tre tr√©s utile, il comprend notamment √©normements de services super cools ! continuez comme √ßa !",5,,,
its so good fonctionnalit√© pour twitter,5,,,
franchirent c‚Äôest parfait quand on s‚Äôennuie et on rigole bien avec ses potes,5,,,
"service g√©niale avec lequel on peut cr√©er plusieurs d√©lires en amis ce qui est incroyable !! en plus avec affinitweet, nos donn√©es sont prot√©g√©es !!",5,,,
"les goats, je les aimes, bon moment entre copain assur√© !!!!",4,,,
awesome and fun,5,,,
tr√®s sympathique !,5,,,
coool is so smart,5,,,
app vraiment simple et cool !,5,,,
yeessssssssssssss,5,,,
great app very cool,5,,,
"j'utilise leur site depuis un long moment et c'est juste parfait ! c'est tr√®s utile pour √©norm√©ment de chose sur twitter. (savoir avec qui l'on parle le plus, qui a follow qui en premier etc.) la plus utile reste le top friends √† mon go√ªt mais les autres fonctionnalit√©s sont tout aussi g√©nial. j'ai tr√®s h√¢te de voir les prochaines fonctionnalit√©s arriv√© qui sont encore plus prometteuse ! bref, utilisez affinitweet, c'est amusant et int√©ressant!",5,,,
"tr√®s bon site, rapide et fluide.",5,,,
envie de d√©couvrir plus de fonctionnalit√©s ,4,,,
excellent site tr√®s dr√¥le et site de confiance je conseille!!!,5,,,
very fun to us. i love it,4,,,
tr√®s sympa. recommand√©,5,,,
tttyttyty'---r-uru-rr,5,,,
j'aime beaucoup ^^,5,,,
excellent exp√©rience j‚Äôadore ce style de site web qui permets de s‚Äôamuser impeux de temps en temps,5,,,
incroyable je recommande √† fond,5,,,
trop bien  ce site,5,,,
"top, vraiment sympa pour conna√Ætre pleins d'information sur son compte twetter ",5,,,
cool le site cool !!!!,5,,,
"affinitweet est un service g√©nial ! on peut acc√©der √† des fonctionnalit√©s vraiment bien faites qui permettent par exemple de voir ses amis (j'adore celle-ci), ou encore de voir des statistiques !je recommande ",5,,,
"good, funny for twitter",4,,,
tr√®s utile et fun !,5,,,
"site web int√©ressant qui donne plein d'informations et de statistiques √† propos de notre compte twitter, c'est int√©ressant et amusant √† la fois :)",5,,,
"rapide, simple et vraiment agr√©able. je recommande",5,,,
c'est marrant de d√©couvrir des infos sur notre compte twitter,5,,,
tr√©s bienj'aime beaucoup ce site je trouve qu'il est bien fait et sa fonctionne tr√®s bien,5,,,
jiape nieb oui o√†uiui_h,5,,,
"rapide, simple et vraiment agr√©able. je recommande ! √ßa donne de bon r√©sultat",4,,,
zddddddddddddd,5,,,
so good this fonctionality,5,,,
excellent mat√©riel rien d'autre √† dire,5,21,mars,2021
rapide et efficace,5,21,mars,2021
tr√®s bon article commande livr√©e rapidement,5,15,mars,2021
livraison rapide et conforme,5,19,mars,2021
"tr√®s bon produit, comme d'habitude.",5,19,mars,2021
tr√®s bien m√™me en offroad,5,18,mars,2021
"produit conforme, livraison rapide",5,17,mars,2021
marque de qualit√© et services au top !,5,17,mars,2021
fixation robuste et permettant de multiples positions du smartphone : parfait pour mon usage !!!,4,17,mars,2021
parfait. produit conforme √† mes attentes. exp√©dition rapide. produit tr√®s bien emball√©.,5,16,mars,2021
cher mais costaud et semble fait pour durer. j'esp√®re que ce support durera plus  longtemps que ceux √† bas prix que j'ai achet√© avant.,5,15,mars,2021
rien √† dire tout est parfait,4,15,mars,2021
"livraison rapide, site clair et produits de qualit√©",5,15,mars,2021
commande et livraison impeccable !,5,15,mars,2021
parfait.produits et logistique : ras,5,15,mars,2021
"service client r√©actif, commande re√ßu. produit semble tr√®s robuste ! cela fera parfaitement le job.par contre un petit regret sur la finition d'une pi√®ce la fixation de guidon ram b : le passage de vis accroche un peu il manque un coup de lime qui aurait fini le travail. rien de grave, c'est de la finition, mais du coup lorsque l'on passe l'arceau qui vient entourer le guidon dans la pi√®ce (la boule) on force un peu et cela fait sauter la peinture noir sur le bord du trou... c'est dommage et vu le prix je ne m'attendais pas √† cela.allez assez caus√© en route !",4,7,mars,2021
top ras super service et produits de a √† z,5,14,mars,2021
tr√®s bon produits et tr√®s bon services de vente .,5,14,mars,2021
"livraison rapide, facile d'installation, maintien solide. je suis tr√®s satisfaite.",5,14,mars,2021
facile √† installer et remplit sa fonction.je le recommande,5,14,mars,2021
conforme √† la commande tr√®s stable,5,13,mars,2021
"parfait, correspond √† mon attente et fait le djob",5,13,mars,2021
"malgr√© les d√©lais parfois longs, le suivi est tr√®s bien assur√©, le service et la qualit√© des produits est toujours aussi impeccable.",4,12,mars,2021
"j‚Äôai une utilisation raid , j‚Äôutilise ram avec plusieurs support pour plusieurs gps et sur diff√©rents v√©hicules (ssv , 4x4 , camping car) le produit est top et aujourd‚Äôhui pour moi il n‚Äôy a rien de mieux . le seul probl√®me est qu‚Äôils sont trop souvent en rupture . si vous souhaitez commander un produit il faut √™tre patient il manque souvent un √©l√©ment. de toute fa√ßon j‚Äôai pas le choix, j‚Äôai √† peu pr√®s tout essay√© il n‚Äôy a que les supports ram qui tienne.",3,12,mars,2021
produit de bonne qualit√© livraison rapide,5,11,mars,2021
"utilisateur des produits ram mount depuis des ann√©es, enti√®rement satisfait, 1er commande en direct et g√©nial, rapide, bon conseil",5,10,mars,2021
"parfait!command√© et re√ßu en 24h, produit de qualit√©.rien √† redire, juste parfait.",5,10,mars,2021
produits toujours d'excellente qualit√©; j'ai aujourd'hui :1 support gps pour la voiture2 supports gps tomtom pour mes motos1 support gps pour v√©lo2 supports gopro pour mes motos... et aucun ne s'est d√©t√©rior√© avec l'usage et le tempslivraison tr√®s rapide !,5,10,mars,2021
produit de qualit√©. livraison ultra rapide.,5,10,mars,2021
4 √©toiles car le parfait n‚Äôexiste pas. tr√®s bon mat√©riel √† premi√®re vue. pas encore test√© mais je suis confiant.,4,10,mars,2021
tr√®s bon produit livraison rapide,5,10,mars,2021
"bonjour,je suis tr√®s content de vos produits, et de l' accueil la courtoisie et la comp√©tence de mon interlocuteur. la seule chose que je d√©plore c'est est la mention sous 4 a 8 semaines et plus lors de mes recherches. merci et a bient√¥t.",3,9,mars,2021
"exp√©dition rapide, tr√®s satisfait des produits re√ßus !",5,9,mars,2021
"un peu cher mais de de bonne qualit√©. attention toutefois √† l'ergot de maintien du support ipad mini.livraison tr√®s rapide. dommage que chronopost agisse au gr√© de son humeur. livraison parfois en bo√Æte aux lettres, parfois en main propre contre signature (ce qui est propos√© √† la base).",5,8,mars,2021
produit conforme,5,7,mars,2021
"livraison dans les d√©lais, qualit√© du mat√©riel excellente et d‚Äôune robustesse √† toutes √©preuves.",5,7,mars,2021
"le produit achet√© est parfaitement conforme √† ce que j'attendais.c'est super facile √† monter et tr√®s fiable.je ne donne pas 5 √©toiles, car j'avais pos√© une question au support avant mon achat, et je n'ai jamais obtenu de r√©ponse.mais j'ai combin√© le support et le bras avec une fixation quadlock boule b avec coque pour smartphone samsung s10: super!!!",4,6,mars,2021
"renseignements compl√©mentaires par t√©l√©phone fiablesproduit conforme, exp√©di√© comme annonc√© re√ßu dans les d√©laisparfait!!!",5,5,mars,2021
commande et livraison parfaite et rapide,5,5,mars,2021
livraison en 24h. produit conforme √† mes attentes. on sent un produit de qualit√©. pas encore utilis√© en roulage sur ma moto.,5,4,mars,2021
"j'ai longtemps cherch√©, lu, compar√© les tests et bancs d'essai pour un antivirus mac. j'ai finalement opt√© pour intego (bundle x9) et je ne le regrette pas : j'ai fait le bon choix. facile et rapide √† t√©l√©charger, installation sans aucun probl√®me, ergonomique, intuitif et redoutablement efficace. l'option ""disque red√©marrage"" qui sauvegarde aussi l'osx est g√©nial en cas de crash ou plantage du hdd (j'ai maverick, pas d'hier !). lire l'excellent banc d'essai de sophie anderson. bravo et merci intego !!!",5,,,
"le d√©ploiement des outils est facile, les guides sont pr√©cis et simples. le choix des param√®tres permet la couverture que l‚Äôon souhaite. attention rester prudent.",4,,,
excellent antivirus qui prends peu de place sur la ram conseil vivement pour g√©rer le stockage et les possibles intrusions que mac ne pourra traiter seul les nouveaux virus.,5,,,
excellent produit et excellent service!,5,,,
"bonjour , suite a un souci de blocage de certains sites( certainement un parametrage a faire ou a paufiner ) , j'ai contact√© intego puis privateinternetaccess . les deux supports technique ont √©t√© tr√®s r√©actifs . merci a eux . j'ai pu solutionner mon blocage ( c'√©tait bien un petit r√©glage a faire ) gr√¢ce a un tuto explicatif qui m'a √©t√© envoy√© par mail et  que je garde pr√©cieusement , tout est rentr√© dans l'ordre. le service technique ne vous abandonne pas tant que le probl√®me n'est pas r√©solu !!!! cordialement. jean-fran√ßois .",5,,,
"je viens de faire l'acquisition de l'antivirus intego, et leur fa√ßon de faire est efficace et tr√®s professionnelle, je suis tr√®s heureuse de faire affaires avec eux.",5,,,
more than 25 years experience with intego and apple computers.,5,,,
"pas en fran√ßais et en plus apple me pr√©viens qu'il y a un probl√®me depuis la derni√®re mise √† jour de l'os !!!j'ai achet√© cet antivirus et il y a eu une reconduction de l'abonnement sans me pr√©venir, j'ai essay√© de r√©cup√©rer la somme ponctionn√©e et je n'y suis pas arriv√© !!! attention lorsque vous souscrivez !!!",1,,,
"il ralentit beaucoup le syst√®me (j'ai un mac sous mojave). il est impossible de travailler quand il fait une analyse. de plus la soci√©t√© ne r√©pond pas aux mails contact ce qui est plut√¥t non commercial surtout quand il s'agit d'avoir des infos pour le renouvellement du logiciel ! ,  il n'y a pas de compte client. du coup je ne pense pas que je vais renouveler.",3,,,
j'utilise cet anti virus pour un mac book pro catalina 10.15.1en lui m√™me il est l√©ger et facile √† configurer.quant au service technique il est excellent.,5,,,
"j'ai longtemps cherch√©, lu, compar√© les tests et bancs d'essai pour un antivirus mac. j'ai finalement opt√© pour intego (bundle x9) et je ne le regrette pas : j'ai fait le bon choix. facile et rapide √† t√©l√©charger, installation sans aucun probl√®me, ergonomique, intuitif et redoutablement efficace. l'option ""disque red√©marrage"" qui sauvegarde aussi l'osx est g√©nial en cas de crash ou plantage du hdd (j'ai maverick, pas d'hier !). lire l'excellent banc d'essai de sophie anderson. bravo et merci intego !!!",5,,,
"le d√©ploiement des outils est facile, les guides sont pr√©cis et simples. le choix des param√®tres permet la couverture que l‚Äôon souhaite. attention rester prudent.",4,,,
excellent antivirus qui prends peu de place sur la ram conseil vivement pour g√©rer le stockage et les possibles intrusions que mac ne pourra traiter seul les nouveaux virus.,5,,,
excellent produit et excellent service!,5,,,
"bonjour , suite a un souci de blocage de certains sites( certainement un parametrage a faire ou a paufiner ) , j'ai contact√© intego puis privateinternetaccess . les deux supports technique ont √©t√© tr√®s r√©actifs . merci a eux . j'ai pu solutionner mon blocage ( c'√©tait bien un petit r√©glage a faire ) gr√¢ce a un tuto explicatif qui m'a √©t√© envoy√© par mail et  que je garde pr√©cieusement , tout est rentr√© dans l'ordre. le service technique ne vous abandonne pas tant que le probl√®me n'est pas r√©solu !!!! cordialement. jean-fran√ßois .",5,,,
"je viens de faire l'acquisition de l'antivirus intego, et leur fa√ßon de faire est efficace et tr√®s professionnelle, je suis tr√®s heureuse de faire affaires avec eux.",5,,,
more than 25 years experience with intego and apple computers.,5,,,
"pas en fran√ßais et en plus apple me pr√©viens qu'il y a un probl√®me depuis la derni√®re mise √† jour de l'os !!!j'ai achet√© cet antivirus et il y a eu une reconduction de l'abonnement sans me pr√©venir, j'ai essay√© de r√©cup√©rer la somme ponctionn√©e et je n'y suis pas arriv√© !!! attention lorsque vous souscrivez !!!",1,,,
"il ralentit beaucoup le syst√®me (j'ai un mac sous mojave). il est impossible de travailler quand il fait une analyse. de plus la soci√©t√© ne r√©pond pas aux mails contact ce qui est plut√¥t non commercial surtout quand il s'agit d'avoir des infos pour le renouvellement du logiciel ! ,  il n'y a pas de compte client. du coup je ne pense pas que je vais renouveler.",3,,,
j'utilise cet anti virus pour un mac book pro catalina 10.15.1en lui m√™me il est l√©ger et facile √† configurer.quant au service technique il est excellent.,5,,,
j'ai d√©couvert le site r√©cemment et j'appr√©cie de plus en plus.j'avais peur au tout d√©but en exposant mon compte mais les personnes sont majoritairement bienveillante donc tout se passe parfaitement bien pour moi :)la team qui est tr√®s r√©active en cas de soucis !,5,20,mars,2021
le concept est tout √† fait top! j‚Äôai eu une tr√®s bonne exp√©rience aupr√®s d‚Äôun conseill√© (lucas) qui m‚Äôa aid√© √† d√©couvrir le service et √† me mettre alaise. tr√®s satisfait,5,19,mars,2021
"un service client r√©actif et de nombreux choix d'abonnement divers, je recommande.",4,19,mars,2021
j'ai eu un conseiller lucas. j'ai vraiment aim√© sa rapidit√© et sa spontaneit√©. j'ai egalement un m√©tier de service client et je peux voir que celui-ci est un bon atout. un service exemplaire qui donne envie d'avoir plus de probl√®me paradoxalement !,5,19,mars,2021
les temps de r√©ponse sont longs. je voulais m'inscrire mais ils ne m'ont r√©pondu et alor j'ai arr√™t√©.,1,,,
"super service. tout fonctionne bien, pas de souci avec les spliiiters. service client hyper r√©actif. si toutes les entreprises √©taient aussi bien ... merci spliiit",5,19,mars,2021
beau et int√©ressant concept je conseille se site tous ce qu'il veulent faire des √©conomie merci et bon courage au d√©veloppeurs,5,18,mars,2021
je recommande c'est vraiment cool est c'est un moyen de se rembourser la moiti√© de l'abonnement donc cool,5,18,mars,2021
tr√®s rapide et efficaces ! merci,5,18,mars,2021
"excellent ! facile, pratique, intuitif et permettant de ne pas payer le prix fort pour des services qu'on n'utilise parfois que tr√®s peu ! tout le monde est gagnant.service client super r√©actif en plus.",5,17,mars,2021
"c'est une id√©e simple mais brillante que d'offrir la possibilit√© de b√©n√©ficier ou de partager ses abonnements √† canal+, disney+, que ce soit en mati√®re de s√©curit√©, cloud, netflix et autres : tout est plus chez spliiit (slogan dont je d√©tiens les droits d'auteur ;o))",5,17,mars,2021
lucas a √©t√© fantastique et √† l'√©coute. service commercial au topje ne suis pas du tout d√©√ßu de spliiit,5,16,mars,2021
"site ergonomique, offre claire. j'ai surtout √©t√© surprise par la r√©activit√© du service client : pas besoin d'aller chercher dans les m√©andres du site une adresse mail ou un n¬∞ de t√©l√©phone surtax√© pour les joindre. sur spliiit, le chat est disponible 24h/24, les conversations sont sauvegard√©es ce qui permet un suivi de vos demandes.",5,16,mars,2021
g√©nial ! j'adore le principe,5,16,mars,2021
excellent site permettant de partager un bon nombre d'abonnement de fa√ßon s√©curis√© et l√©gal.je recommande √† 100%de plus le service apr√®s-vente est tr√®s r√©actif et performant.,5,15,mars,2021
"tr√®s satisfait. interface moderne et facile d'utilisation. support r√©actif, efficace et sympa.ce que je peux vous dire c'est que √ßa fonctionne tr√®s bien.",5,15,mars,2021
lucas a r√©pondu avec pr√©cision. il a fait une exception √† cause d'une erreur de ma part.,5,15,mars,2021
"superbe plateforme, dommage que tout les services ne sont pas disponible √† l'√Æle de la r√©union ou qu'il n'y ait pas une section par ville ou par d√©partement.",5,15,mars,2021
le service de partage d'abonnements indispensable et malin.,5,15,mars,2021
super id√©e que de permettre de partager ses abonnements avec d‚Äôautres personnes. tr√®s content du service,5,13,mars,2021
super bien rien a dire je dit que c parfait cdlt,5,12,mars,2021
super simple d‚Äôutilisation. ii y a beaucoup de demande donc les abonnements vont vite.,5,10,mars,2021
site facile d‚Äôutilisation qui permet de partager ses abonnements souvent co√ªteux avec d‚Äôautres utilisateurs. d√©j√† un peu plus d‚Äôun mois que j‚Äôutilise et j‚Äôai pu √©conomiser une trentaine d‚Äôeuros.,5,7,mars,2021
"super support, supe produitde l'avenir et encore mieux que ce soit fran√ßais !!",5,4,mars,2021
"un seul m√©contentement client et vous n'avez m√™me pas le temps de r√©agir, que spliiit bloque imm√©diatement votre compte : quelle classe !par ailleurs, spliiit facture des frais de remboursement si, pour une raison ou pour une autre, vous souhaitez rembourser un utilisateur. ces frais ne sont pas mentionn√©s sur la page web d√©di√©e aux tarifs.m√™me si le principe de ce service est int√©ressant, ces deux exp√©riences n√©gatives en seulement quelques jours d'utilisation tendent √† bien me refroidir. surtout pour ne gagner que quelques euros‚Ä¶",2,4,mars,2021
bon moyen de partage,5,4,mars,2021
tr√®s fiable et je vous le recommande.,5,3,mars,2021
une plateforme qui m√©rite d'√™tre grande !,5,3,mars,2021
excellente application pour les partage !,5,3,mars,2021
"j'adore merci gr√¢ce √† vous je fais des √©conomies, mais j'ai plus de chose comme netflix spotify disney+. je recommande !",5,1,mars,2021
"faites attention √† bien lire les petites lignes... une fois votre cagnotte charg√©e, impossible de r√©cup√©rer les fonds et ce m√™me si vous souhaitez cl√¥turer votre compte spliiit, vous devrez obligatoirement utiliser votre cagnotte sur le site... voil√† ce qu‚Äôon appelle du ¬´ vol ¬ª dissimul√©... triste exp√©rience avec spliiit... je regrette...",1,1,mars,2021
"concept top, le fait de pouvoir virer sur son compte ou passer en carte cadeau est vraiment g√©nial!",5,1,janvier,2021
"super application pour partager musique, logiciel, et plus",5,1,mars,2021
"j'utilise ce service depuis plusieurs mois maintenant, et c'est vraiment g√©nial.pouvoir souscrire √† des abonnements √† moindre prix, tout en proposant nos propre abonnement, afin de gagner de l'argent, l'id√©e est parfaite.",5,1,mars,2021
tr√®s satisfait du service. les personnes sont g√©n√©ralement sympa. je regrette juste que quand les personnes par au bout d'un mois je perd toujours une partie du montant total de l'abonement mais si non un tr√®s bon service je recommande,5,1,mars,2021
"super service, l'√©quie est r√©active en cas de probl√®me (rares), et m√™me le dimanche! les abonnements sont vari√©s et l'interface de paiement s√©curis√© est vraiment top",5,28,f√©vrier,2021
"site super pro, s√©rieux et s√©curis√©.je recommande les yeux ferm√©s.",5,27,f√©vrier,2021
super site pour partager son abonnement et pouvoir payer moins ch√®re quand on utilise pas sont abonnement au maximum de ses avantages.,5,27,f√©vrier,2021
je suis vraiment satisfait de spliiit gr√¢ce √† qui j‚Äôai pu souscrire √† un abonnement disney+ ce matin. tout fonctionne √† merveille et le service spliiit est top (j‚Äôai d√©couvert cette belle entreprise par hasard sur facebook)! un grand merci et longue vie √† spliiit!!,5,26,f√©vrier,2021
au top !!! ras un service √† l‚Äô√©coute et tr√®s r√©actif,5,26,f√©vrier,2021
la batterie marche sur une lampe mais pas pour une visseuse,2,21,mars,2021
produit qui ne fonctionne pas,1,21,mars,2021
aucun soucis ! cela devient  une habitude !,5,21,mars,2021
tb pour le timing et la qualit√© du produit,5,21,mars,2021
envoi rapide et description claire de l'apple concern√©,4,21,mars,2021
re√ßu rapidement et bien emball√©e. la batterie correspond en tout point aux attentes.,5,21,mars,2021
"serviable, compr√©hensif, efficace",5,21,mars,2021
tr√®s tr√®s bien. achat d'une batterie pour un vieux pc. rapidit√© de livraison. suivi du colis. prix correct. je recommande sans probl√®me ++.,5,20,mars,2021
"rien √† signaler, produit conforme √† la description, livraison rapide et soign√©e. je n‚Äôh√©siterai pas √† commander de nouveau sur ce site si besoin.",5,20,mars,2021
premi√®re commande : parfait ,5,10,mars,2021
"service client √† l'√©coute et efficace, produits de qualit√© moyenne.",3,20,mars,2021
commande conforme √† la description.livraison rapide.emballage impeccable et s√ªr.,5,20,mars,2021
"je trouve le mat√©riel compatible avec mon vieil ordinateur, √† bon prix et bonne qualit√©, envoi tr√®s rapide et fiable",5,20,mars,2021
la batterie ne tient pas assez longtemps,2,20,mars,2021
batterie livr√©e en temps et en heure sans frais de port.,5,20,mars,2021
choix important. prix. rapidit√© de livraison. pour l'instant un sans faute. on verra √† l'usage pour la qualit√© et la durabilit√©...,5,20,mars,2021
"exp√©dition rapide, merci",5,20,mars,2021
"rapide et efficace , tr√®s bon produit ( batterie pour nikon d 60 )",5,20,mars,2021
parfait et s√©rieux,5,17,mars,2021
livraison extra rapide ! c'est top !,5,19,mars,2021
produit conforme.tr√®s bon suivi de la commande.,5,19,mars,2021
"livraison rapide, produit conforme √† la commandeapr√®s 2-3 cycles d'utilisation, la batterie fonctionne bien, mais a une autonomie plus faible que l'originale apple. voir si l'autonomie augmente apr√®s plusieurs recharges...",4,19,mars,2021
colis  conforme et livraison au top,5,19,mars,2021
produit livr√© rapidementmon robot fonctionne √† nouveau ! merci,5,19,mars,2021
"super rapide, hyper bien emball√© en terme de protection, tr√®s s√©rieux je recommande sans soucis, alors que nous ne sommes pas des pros de commandes via internet. merci √† eux, si l'occasion se repr√©sente on saura o√π aller et l'on recommandera de part leur s√©rieux √† prix tr√®s tr√®s raisonnable un client plus que satisfait ;)",5,19,mars,2021
"ne pas se fier aux modeles mentionn√©s (chargeur pc) , ils ne sont pas fiables.le service clients n est pas joignable par mail, on ne peut pas r√©pondre √† leur mail, on doit toujours repasser par le formulaire contact du site, ce n' est vraiment pas pratique",1,19,mars,2021
"diversit√© de produits, prix comp√©titifs et livraison rapide",5,11,mars,2021
tr√®s satisfait  livraison tr√®s rapide,5,19,mars,2021
"rien √† dire impressionnant. apr√®s m'√™tre fait avoir comme tant d'autres par laptopbatterie.com j'ai cherch√© une enseigne plus s√©rieuse. et j'ai trouv√©. command√© jeudi 14h re√ßu samedi matin, suivi de commande irr√©prochable et produit conforme : qui dit mieux ?",5,13,mars,2021
"parfait, correspond √† mon attente. livraison rapide.",5,19,mars,2021
"le choix est important, mais quand une pi√®ce ne va pas comme par exemple une batterie d appareil photo, le retour pour avoir la bonne co√ªte la moiti√© du prix de la batterie ce qui augmente consid√©rablement son prix",3,19,mars,2021
parfait. rien √† dire.,5,18,mars,2021
livraison ultra rapide,5,18,mars,2021
batterie arriv√©e avant la date pr√©vue fonctionne parfaitement √† recommandet,5,18,mars,2021
produit conforme aux attentes.re√ßu rapidement et livr√© gratuitement.what else.,5,18,mars,2021
produit conforme. livraison dans les temps. super ! merci.,5,18,mars,2021
trop fort impec. rapide..,5,18,mars,2021
"rien √† redire, tout est nickel.",5,18,mars,2021
produit conforme √† mes attentes et d√©lai de livraison rapide.,5,18,mars,2021
"probl√®me de batterie avec mon vieux portable, je pensais changer de batterie mais celle envoy√©e, puis renvoy√©e par aboutbatteries ne fonctionnaient pas, en fait, je pense que c'est le t√©l√©phone qui a besoin d'√™tre chang√©. il est temps! j'ai d√©j√† command√© d'autres batteries chez eux et aucun probl√®me. ils sont tr√®s arrangeant puisqu'ils m'ont rembours√©e int√©gralement. merci.",5,1,mars,2021
d√©√ßus de cette carte impossible de programmer la partie r√©ception ... tout le reste fonctionne moteur calibrage mais la partie r√©ception 0 de plus j'ai voulu commander que la carte de vol on me demande 20‚Ç¨ de frais de port alors qu'il pouvait envoy√© dans une enveloppe a bulle.,2,21,mars,2021
"parfait, des professionnels",5,21,mars,2021
"tres bien, rapide et conforme",5,12,mars,2021
"site tr√®s s√©rieux , mat√©riel de tr√®s bonne qualit√© . je reviendrais souvent faire mes commances chez vous.",5,21,mars,2021
excellent livraison rapide tout les conse.sont sur le site,5,21,mars,2021
bonne communication au t√©l√©phone. colis arriv√© rapidement,5,21,mars,2021
excellent !! je le conseille.,5,21,mars,2021
"livraison, rapide partout en belgique, ou en france, studio sport. est bien achaland√©, on trouve les derni√®res nouveaut√©s du march√©.bravo !!!.",5,21,mars,2021
produit conforme et livr√© √† la date...,5,21,mars,2021
"bonjour, cordon usb-c / lightning re√ßu sous 2 jours.longueur suffisante avec tablette.fonctionne correctement avec radio-commande.cordialement",5,21,mars,2021
personnel super comp√©tentet et accueil tres bon,5,21,mars,2021
"au topsuper experience, un achat qui s'est tr√®s tr√®s bien d√©roul√©. une √©quipe vraiment pro.merci beaucoup",5,21,mars,2021
ok. et re√ßu rapidement ,5,16,mars,2021
"manque le cadeaux dommage !bien recus ma cam√©ra ! sa tout est ok,par contre j'√©tais sens√© recevoir un perche selfie en cadeaux que je n'ai jamais re√ßus ! pour sa les 2 √©toiles sinon ras!",2,20,mars,2021
tr√®s professionnel,5,20,mars,2021
service studiosport au top !!! comme d‚Äôhabitude !,5,20,mars,2021
commande et livraison dans les temps merci √† l‚Äô√©quipe studio sport paris !,5,20,mars,2021
service rapide,5,20,mars,2021
bons conseils et professionnels. par contre  manque de clart√© sur le site internet lors des achats. la notion de ¬´en stock¬ª ne veut pas toujours dire disponible en magasin... il est n√©cessaire de regarder tr√®s attentivement.,4,11,mars,2021
studiosport est un tr√®s bon site d'e-commerce autour du drone et du mat√©riel audio-visuel.la site est bien construit et l'ensemble des caract√©ristiques produits correctement expos√©.le d√©lai de livraison est conforme √† celui annonc√© et dans un carton bien form√© et prot√©geant les produits command√©s.je recommande !,5,20,mars,2021
"livraison tr√®s rapide,bien emball√©.article conforme a la description!toujours satisfait par la qualit√© de service de studio sport!",5,20,mars,2021
rapide et efficace !,5,20,mars,2021
"franchement je recommande vivement, achat d‚Äôun drone dji fpv pour commencer dans le domaine doucement .. exp√©dition tr√®s rapide .. vendeur √† l‚Äô√©coute via le site web.",5,20,mars,2021
"offre compl√®te, aide efficace via le chat!",5,20,mars,2021
livraison et suivis client au top.,5,19,mars,2021
"rapide et efficace, merci !",5,19,mars,2021
toujours super,5,19,mars,2021
commande re√ßue rapidement et conforme. merci,5,19,mars,2021
"tr√®s pro,tr√®s √† l‚Äô√©coute, thecniquement le top!!!!!",5,19,mars,2021
tr√®s bon contact. livraison rapide.merci !,5,11,mars,2021
"rapidit√©,efficacit√©, produit conforme √† la description",5,19,mars,2021
"super commande, livr√© rapidement !",5,19,mars,2021
commande re√ßu en 24h,5,19,mars,2021
"exp√©dition rapide, emballage soign√©, qualit√©, suivi, facilit√© d'achat sur le site, etc etc... rien √† redire au top !",5,18,mars,2021
"command√© un dimanche, trait√© le lundi, re√ßu le mardi 14 heures √† l'autre bout de la france......produit bien emball√©, alors que demander de mieux?",5,18,mars,2021
colis arrive tr√®s rapidement mat√©riel au top merci,4,18,mars,2021
exp√©dition conforme et rapide ;-)produits officiels merci,5,18,mars,2021
"je recommande bon vendeur , beaucoup de choix .",4,18,mars,2021
prix √©lev√©s je trouve et tout n'est pas dispo √† comparer avec la concurrence vous manque √©norm√©ment de chose au catalogue et boutique sur boulogne n'a jamais rien en stock elle sert plus de point conseil et commande en direct,3,18,mars,2021
parfait merci,5,18,mars,2021
"tr√®s satisfait des services d'adepem. suite √† la r√©ception d'une pi√®ce endommag√© (ind√©pendant d'adepem, pi√®ce cass√©e durant la livraison) je contacte la soci√©t√© qui me r√©pond tr√®s rapidement et m'envoi une nouvelle pi√®ce de rechange. l'√©quipe est tr√®s professionnelle, le suivi de commande ainsi que le site web est parfait, les prix sont attractifs. vraiment je recommande adepem et je n'h√©siterai pas √† commander √† nouveau. merci !",5,19,f√©vrier,2021
efficacit√© et rapidit√© ! parfait ...,5,21,mars,2021
tr√®s bien servi et dans un bon d√©lai parfait.,5,21,mars,2021
"ras, la pi√®ce re√ßue est mont√©e et fonctionne. d√©lai ok",5,28,f√©vrier,2021
re√ßu dans les temps comme pr√©vue,4,21,mars,2021
contrat rempli. livr√© dans les d√©lais pr√©vus √† la commande c'est √† dire assez rapidement .,5,21,mars,2021
bonjourpas toujours facile de les joindre au t√©l√©phone mais sympa et tr√®s r√©actif.merci,5,21,mars,2021
"colisage convenable, d√©lai correspondant √† celui annonc√© et pi√®ces conformes √† ma commande",5,8,f√©vrier,2021
conforme √† mon attente. mat√©riel de bonne qualit√©.,5,21,mars,2021
tr√®s bon contact/√©change avec l‚Äô√©quipe commerciale. je recommande.,5,21,mars,2021
le descriptif est insuffisant. produit inadapt√©!!,2,21,mars,2021
"commande prise en compte dans la journ√©e et envoy√©e le lendemain, tr√®s satisfaite. la pi√®ce d√©tach√©e est la bonne, mais si ce n'est pas le cas, on peut la renvoyer (je me suis d√©plac√©e pour la rendre donc je ne sais pas si les frais d'envoi de retour sont √† notre charge) et ils remboursent sans poser de question",5,21,mars,2021
achat r√©ussi. ca m a √©vit√©  de racheter une machine a laver.je recommande,5,21,mars,2021
tous les produits re√ßus √† la date indiqu√©e voire m√™me avant,5,11,mars,2021
"colis re√ßu tr√®s rapidement, pi√®ce conforme √† ma demande.tr√®s bien.",5,21,mars,2021
exp√©dition le jour m√™me avec un suivi de sa progression. rien √† dire !,5,5,mars,2021
"pi√®ce re√ßue le samedi et non le vendredi comme annonc√©, mais bien emball√©e. aucune notice de montage ni aucun conseil.",3,20,mars,2021
livraison rapide. qualit√© des produits.,5,20,mars,2021
tr√© bon produit  livraison  rapide ,5,20,mars,2021
"commande le lundi livre le mardi ,supers pas d'attente pour les travaux",5,20,mars,2021
"merci, nous sommes tr√®s contents de vos services nous n'h√©siterons pas √† faire appel √† vous.",5,20,mars,2021
livraison rapide et produit conforme,5,20,mars,2021
rien a redire d√©lai respect√©,5,20,mars,2021
"site s√©rieux, information par mail de la disponibilit√© ou non des achats, (plusieurs solutions propos√©es en cas de non disponibilit√©), √©changes mail tr√®s pratiques, d√©lai respect√© pour la livraison, site √† recommander.",5,20,mars,2021
tr√®s bien juste le d√©lai qui √©tait un peu long,4,20,mars,2021
produit conforme arriv√© en avance en point relais au top,5,9,mars,2021
"le 17 mars, j'ai command√© une t√™te de rotofil en me basant sur la r√©f√©rence et 3 jours apr√®s j'ai re√ßu exactement ce que je d√©sirais. rapide et bien. merci.",5,20,mars,2021
produit re√ßu rapidement. produit conforme. rien √† redire.,5,20,mars,2021
"le 20 mars 2021a part un probl√®me d'incompr√©hension dans les √©changes par mail, ou bien une lecture incompl√®te des messages, comme il arrive maintenant beaucoup trop souvent, un peu partout, le service me semble correct et r√©actif; presque 5 √©toiles, malgr√© une commande du 5 janvier 2021 non totalement sold√©e suite √† une rupture de stock. 5 √©toiles pour les bandes abrasives",4,5,janvier,2021
"compte tenu de nos renseignements t√©l√©phoniques, la buse que nous avons r√©ceptionn√©e, correspondait parfaitement au mod√®le demand√© et nous l'avons ajust√© sur notre fourneau sans souci. livraison rapide et dans les d√©lais donn√©s. entreprise tr√®s professionnelle, √† recommander en priorit√©.",5,20,mars,2021
"service ok, mais produit cher",3,20,mars,2021
bonjourje suis satisfait de vos service.en effet ayant fait une erreur de commande vous n avez pas hesite a me rembourser j ai pu commander le bon produit et s est parfait.encore merci cordialement,5,20,mars,2021
"le produit re√ßu correspond √† la commande, d√©lais rapide et colis en bon √©tatsite web tr√®s bien fait",5,20,mars,2021
"livraison rapide , mat√©riel conforme et site web fonctionnel",5,20,mars,2021
le thermocouple re√ßu √©tait hors d'usage. j'ai d√ª faire appel au chauffagiste qui l'a remplac√© pour beaucoup moins cher.la qualit√© des pi√®ces d√©tach√©es devrait √™tre assur√©e!!!plus aucune confiance dans votre entreprise.,1,5,mars,2021
tout parfait,5,20,mars,2021
satisfait de ma commande,5,20,mars,2021
livraison dans le d√©lai pr√©vu.produit conforme √† la commande emballage particuli√®rement soign√©.tr√®s satisfaite.,5,20,mars,2021
livraison tr√®s rapide et conforme,5,20,mars,2021
tres satisfait de ce magasin,5,20,mars,2021
le service est vraiment de qualit√© et les achats sont faciles √† r√©aliser avec une livraison rapide.,4,17,mars,2021
j'ai achet√© 2 couteaux que j'ai renvoy√© (dans les d√©lais avant 30 jours) car il ne me convenait pas. il m'ont rembours√©s sans aucun probl√®me. super service.,5,14,mai,2020
"a ce jour et malgr√© votre mail de vendredi et mon appel de ce matin , je ne suis toujours pas livr√© . je devais √™tre rappel√© aujourd'hui pour m'informer et n'ai eu personne . j'ai essay√© de vous joindre sans aucune r√©ponse . c'est inacceptable de laisser vos clients sans retour , je vous rappelle que j'attends ce colis depuis le 1er mars. votre service client est aussi inacceptable que celui de dhl ! jamais la m√™me personne, oblig√© de r√©expliquer √† chaque fois et certaines personnes particuli√®rement but√©es malgr√© l'√©vidence !!! quand le colis est livr√© au havre et que vous habitez paris ca ne choque pas ???(envoi des copies √©cran du tracking dhl)lundi 8 malgr√© votre mail du 5 pas de livraison. j'appelle dhl √† 9h00 mardi 9 et enfin r√©solution du probl√®me car colis d√©pos√© avec un mauvais nom ... (vous √©tiez soit disant en contact avec eux depuis le 1er !!!)). colis retir√© √† 10h00 et vous osez m'envoyez un mail √† 10h38 me disant avoir √©changer avec dhl et me confirmez que je serai livr√© √† mon domicile dans la journ√©e ! . votre souhait n'est que de laisser pourrir la situation afin de vous faire rembourser par le transporteur et eventuellement apr√®s rembourser le client !!",1,8,mars,2021
tr√®s satisfait du site!,5,19,d√©cembre,2020
achat facile envoi rapide,5,1,mars,2021
"commande pass√©e le 01 janv 2021 pour 159 ‚Ç¨. stock disponible. encaissement quais imm√©diat.c'√©tait une commande pour un anniversaire le 14 janv. sans nouvelles (aucune info sur le suivi de commande sur le site) je les contacte. on m'explique qu'ils n'ont pas √©t√© livr√© et que le colis devrait √™tre livr√© mi-f√©vrier.aujourd'hui 15 f√©v, aucune info sur le site. je rappelle (3√®me fois) pour avoir encore la m√™me r√©ponse qu'auparavant ""ils n'ont pas √©t√© livr√©"". annulation de ma commande. premier et dernier achat sur ce site.",1,15,f√©vrier,2021
"le produit √©tait tr√®s bien emball√©, en parfait √©tat et la livraison a √©t√© rapide.je recommande fortement ce site s√©rieux qui fait de plus profiter de la livraison gratuite lorsque la commande est sup√©rieure √† 50‚Ç¨.",5,10,f√©vrier,2021
tout parfait. comme toujours.,5,,,
revendeur un peu cher mais avec des produits de grandes qualit√©s.j'ai pass√© plusieurs commandes et j'ai toujours √©t√© tr√®s satisfait.,5,,,
super rapide pour la livraison,5,,,
"ce site est tr√®s bien, un grand choix est disponible, reste que les articles sont chers, qu'il y a peu de promos et souvent on trouve les m√™mes chez le constructeur 30% moins cher, sinon s√©rieux.",5,,,
"excellent service apr√®s vente. j'ai pu leur renvoyer un esee junglas que je n'avais pas command√© chez eux √† la base pour qu'ils me l'√©change, et ils l'ont fait sans probl√®me (conform√©ment √† la garantie d'esee). bonne communication, envois au top. je recommande",5,,,
"1er achat, service au top, bon prix, bon emballage,  d√©lais d‚Äôexp√©dition raisonnable. que du bon, je recommande ce vendeur.",5,,,
"ma commande a √©t√© livr√©e dans les temps, en parfait √©tat gr√¢ce √† un emballage soign√©. je ne mets pas 5 √©toiles car il y a un tr√®s l√©ger d√©faut (sur le dessus du couteau) mais qui se polira avec le temps. j'ai grand plaisir √† retrouver la qualit√© de ce bel objet.",4,,,
franchement g√©nial! j'ai command√© un couteau de sculpture pour ma grand-m√®re pendant la p√©riode de noel et l'envoie √©tait rapide. le couteau √©tait bien emball√© et ma grand-m√®re et tr√®s contente de son produit.,5,,,
je suis enti√®rement satisfait merci  !,5,,,
"j‚Äôai achet√© un couteau (290‚Ç¨ !) livr√© avec un clip de poche pour gaucher. pour l‚Äôinstaller, il faut √¥ter une petite plaque tenue par une vis, or cette vis est bloqu√©e. le clip pour gaucher est donc inutilisable. j‚Äôassimile √ßa √† un d√©faut de fabrication car le produit n‚Äôest pas conforme au descriptif. j‚Äôattends de k&t qu‚Äôil fasse jouer la garantie ou qu‚Äôil r√©solve le probl√®me d‚Äôune quelconque autre fa√ßon (remplacement, remise). or le service client, entre mauvaise volont√© et mauvaise foi (il pr√©tend que j‚Äôai d√©mont√© le couteau alors que ce n‚Äôest pas vrai) ne donne pas suite. c‚Äôest √† ce type de situation qu‚Äôon voit la qualit√© d‚Äôun service client, et l√† il a √©t√© nullissime.",1,,,
large gamme de choix et service impeccable. je recommande. damien,5,,,
"achet√© le 30/12, livr√© le 13/01, sachant que le produit √©tait disponible sous 10 jours, rien √† dire.",5,,,
"outre les tarifs qui sont attractifs, le service est nickel. les produits sont tr√®s bien emball√© et envoy√© tr√®s rapidement. un site de confiance sans h√©sitation.",5,,,
"bonne exp√©rience g√©n√©rale.le meilleur un rapport qualit√©/prix que j‚Äôai pu trouver sur internet pour ma lampe frontale.colis propre et bien s√©curis√©, sans avoir un carton surdimensionn√©.le seul b√©mol, l‚Äôexp√©dition !j‚Äôai re√ßu un mail de confirmation de ma commande en 2 minutes puis confirmation de l‚Äôexp√©dition quelques heures plus tard. cependant, avec le suivi colissimo j‚Äôai pu voir que laposte a re√ßu le colis 5 jours plus tard (un peu long √† mon gout) et donc une livraison une semaine apr√®s ma commande.mais je vais mettre √ßa sur le compte des perturbations de fin d‚Äôann√©e.en conclusion, bonne exp√©rience, je recommande.",4,,,
prix et r√©activit√© au top,5,,,
colis re√ßu dans les temps en tr√®s bon √©tat.,5,,,
"deux couteaux eden kenzo achet√©s, le deuxi√®me pr√©sente des asp√©rit√©s sur le flanc de la lame dans des proportions ne correspondant pas au niveau qualit√© attendu.un sav qui ne veut pas prendre en garantie alors que le couteau n'a pas servi.seul proposition de leur part: prendre √† ma charge les frais de retour et poncer la lame afin de faire disparaitre les traces voir m√™me reboucher les trous ... affligeant et tout sauf professionnel de la part d'un site qui pr√©tend avoir comme valeur la qualit√© et le service.j'attends toujours une r√©action √† la hauteur du pr√©judice malgr√© mes multiples relances.a suivre ...la suite est que la communication a √©t√© assez tardive sur certaines sp√©cificit√©s j‚Äôaurais souhait√© que ce soit indiqu√© d√®s le d√©part or il a fallu batailler pour avoir ces pr√©cisions l√†.",1,,,
"super,rapide et bon matos",5,,,
"2 commandes pass√©es re√ßu rapidement,  envoi soign√©, produits comformes et de qualit√© (fenix hm65r et mcusta shinra katana)",5,,,
livraison correcte et dans les temps. ras,4,,,
commande rapide et site clair et d√©taill√©.,5,,,
"j'ai achet√© un couteau civivi chez knivesandtools. ils m'ont livr√© le mauvais avec une r√©f√©rence produit proche (civivi plethiros c904ds au lieu de civivi plethiros c904d), mais le produit est assez diff√©rent.  leur politique de renvoi est fastidieuse et √† mes risques, et j'attendais d'une entreprise comme celle-ci de simplement renvoyer le bon produit. le service client a refus√© de me m'envoyer le produit que j'ai achet√© et ne s'est pas montr√© tr√®s compr√©hensif.",1,,,
"commande en parfait √©tat, d√©lai respect√© !",5,,,
"livraison rapide, produit cinforme, site pr√©cis et agr√©able.",5,,,
"livraison toujours tr√®s rapide vers l‚Äôest de la france, emballage soign√©. de temps en temps plus cher que la concurrence mais globalement comp√©titif et avec un choix tr√®s vaste.",5,,,
"la qualit√© de la description r√©dig√©e sur le site knivesandtools  est fiable, les produits re√ßus  correspondent exactement √† la description faite sur le site knivesandtools. aucune surprise, produit worksharp multi sharpener, ken onion edition que je ne connaissais pas est d'excellente qualit√© et pr√©cis.r√©ception rapide comme pr√©vu, le tarif mes semble juste.",5,,,
"a la suite d‚Äôun probl√®me avec un article re√ßu, j‚Äôai essay√© de contacter knivesandtools.fr.j'ai trouv√© le temps de r√©ponse du service client beaucoup trop long. m√™me en m‚Äôarmant de patience et en faisant preuve de compr√©hension, je reste tout de m√™me tr√®s d√©√ßu de ma commande.",2,,,
tr√®s beau couteau,5,,,
mon colis envoy√© avec une adresse partielle √† √©t√© retourn√© et il a fallu √©norm√©ment de temps pour pouvoir le recevoir. aucune solution rapide ne m'a √©t√© propos√©e. tr√®s d√©√ßu de mon exp√©rience,1,,,
envoi rapide et conforme,5,,,
couteau japonais command√©. re√ßu dans les temps et couteau de tr√®s bonne qualit√©. service impec.,5,,,
je suis tr√®s satisfait : envoie rapide dans un emballage qui ne risque pas les chocs : tr√®s tr√®s bien,5,,,
service impeccable et rapide.,5,,,
excellente utilisation.,5,21,mars,2021
tr√®s favorable pour une premi√®re utilisation.,5,21,mars,2021
"tr√®s pratique, tr√®s rapide.",5,21,mars,2021
"bonjour.  il faut cliquer dans le cadre bleu qui se situe dessous pour remplir un cadre qui se trouve au dessus. non expliqu√©.   la liste des n¬∞ confidentiel comporte les lettres a,b,c,d,e,f....pour ouvrir le courrier recommand√©; je n'ai pas eu la d√©signation de mon n¬∞ personnel. au hasard j'ai inscrit le ""a""  ouf √ßa a fonctionn√©! donc je ne sais si tous n¬∞ √©taient valides. ce n'est pas l'information que j'avais, on devais m'attribuer une lettre correspondante √† mon n¬∞. ce ne fut pas le cas.",4,21,mars,2021
rapide efficace,5,21,mars,2021
bonne r√©ception en d√©mat√©rialis√©,5,16,mars,2021
premi√®re exp√©rience et r√©ussite.,5,20,mars,2021
"tres rapide et tres pratique , pas de surplus papier egalement  confirmation de lecture et reception , que demander de mieux",4,21,mars,2021
"rapide et pratique, plus besoin de passer par la ""poste""",5,21,mars,2021
facilit√© d‚Äôutilisation,4,21,mars,2021
tout est bien expliqu√© et relativement simple d'utilisation et surtout extr√™mement pratique !,5,21,mars,2021
facile tr√®s bien pass√©e merci,5,21,mars,2021
"rien √† dire - c'√©tait tr√®s simple, et j'ai le sentiment que c'est tr√®s s√©curis√©.",5,21,mars,2021
"tr√®s bien, je recommande",5,21,mars,2021
efficace et rapide. simple d'utilisation.,5,21,mars,2021
d√©marche rapide et efficace qui acc√©l√®re nos d√©marches.,5,21,mars,2021
tr√®s pratique et s√©curis√©,5,21,mars,2021
un peu compliqu√© !,3,21,mars,2021
pas pu ouvrir les documents,1,21,mars,2021
outil claire et pratique pour le recue d une signature d'un compris chez le notaire,5,21,mars,2021
outil clair et pratique pour le recue d une signature d un compromis chez le notaire.,5,21,mars,2021
simple d'acc√®s et compr√©hensible.,5,21,mars,2021
rapide et efficasse,5,21,mars,2021
premi√®re utilisation et j'ai appr√©ci√© la s√©curit√© et la fonctionnalit√©.,5,18,mars,2021
tr√®s pratique comme outils,5,21,mars,2021
"tr√®s rapide, tr√®s simple, tr√®s efficace donc tr√®s pratique !",5,21,mars,2021
rien d‚Äô√©vident....,1,21,mars,2021
"tr√®s bien et surtout tr√®s s√©curis√©, je recommande.",4,20,mars,2021
g√©nial pour des documents importants.,5,20,mars,2021
le concept est bien. cependant d√®s que j'ai re√ßu ce message j'ai cru √† un mail publicitaire. j'ai failli l'effacer. il faudrait peut √™tre un peu plus le personnaliser. quant √† ce syst√®me de code √† rentrer cela n'inspire pas confiance jusqu'√† ce qu'on se rende compte vraiment qu'il s'agit d'un recommand√©.,4,20,mars,2021
tr√®s pratique,5,20,mars,2021
tr√®s bien et √©vite les d√©placements,5,20,mars,2021
tr√®s pratique,5,20,mars,2021
"tr√®s pratique, rapide et efficace",4,20,mars,2021
tr√®s pratique. facile d utilisation. c est parfait !,5,20,mars,2021
rapidement et efficace,5,20,mars,2021
tr√®s pratique pas la peine de se d√©placer,5,20,mars,2021
facile d' utilisation,4,20,mars,2021
tres facile d utilisation,5,20,mars,2021
assez simple,5,20,mars,2021
"produit re√ßu que je pourrais classer presque haut de gamme,tr√®s bien fini voir un peu sexy,livraison rapide.je recommande ce produit",5,21,mars,2021
tr√®s satisfaite livraison rapide,5,20,mars,2021
"tr√®s satisfaite,re√ßu rapidement et bonne qualit√©.",5,20,mars,2021
la pochette convient parfaitement gr√¢ce √† la vigilance au moment de la commande. elle est esth√©tique.,5,20,mars,2021
parfait rien √† redire d√©lai de livraison respect√©produit command√© conforme,5,20,mars,2021
livraison rapide et service s√©rieux. produit de tr√®s bonne qualit√©.,5,19,mars,2021
tres bel √©tui pour tablette tr√®s pratique,5,19,mars,2021
livraison tres rapide. produit conforme au descriptif mais un peu d√©√ßue par la qualit√© du cuir. rapport  qualit√© /prix un peu √©lev√©!,5,19,mars,2021
"s√©rieux, de bons conseils et excellente r√©activit√©",5,18,mars,2021
"enti√®rement satisfaite de ma commande, v√©rification avant livraison, produit livr√© conforme.",5,18,mars,2021
j‚Äôai command√© 2 fois le m√™me produit par erreur.probl√®me vite r√©solu dans la m√™me journ√©e merci a sandra,5,18,mars,2021
excellente qualit√© de conseil : √©vite les d√©convenuesconforme aux attentes,5,18,mars,2021
"suite √† ma commande , le service client m'a demand√© la r√©f√©rence de mon t√©l√©phone pour √©viter une erreur de mod√©le . j'ai trouv√© √ßa tr√©s bien .tr√©s rapide dans la pr√©paration  et l'envoi lui-m√™me ; commande faite en fin de semaine je l'ai re√ßue le lundi suivant.article conforme .je recommande youchiz.",5,18,mars,2021
merci pour m'avoir contact√© afin se corriger ma commande initiale.  votre r√©f√©rence √©tait la bonne merci pour votre expertise.,5,18,mars,2021
tr√®s rapide et conforme,5,17,mars,2021
"frais de livraison facture plus de 5 euros pour un chronopost 48 hj ai averti le service client que si le d√©lai des 48 h √©tait d√©pass√©, je souhaitais annul√© la commande, la personne en ligne m a confirm√© que je recevrai le colis dans les tempsproduit commande le mardi, livre le samedi, soit 96 h plus tard : aucun respect du client et des cgv",1,17,mars,2021
"apr√®s consultation sur internet, le produit re√ßu correspond exactement √† ceque j'attendais.d√©lai de livraison court.",5,16,mars,2021
produit conforme au mod√®le pr√©sent√©,5,16,mars,2021
"bien, avec une livraison correcte...",5,15,mars,2021
pour une premi√®re commande je suis tr√®s satisfaite pour une livraison gratuite en 24 heures,5,15,mars,2021
efficacit√© et rapidit√©. super!!,5,15,mars,2021
marchandise conforme √† la commande et livr√©e tr√®s rapidement.,5,14,mars,2021
bon suivi de ma commande avec confirmation du produit avant l'envoi.d√©lai de livraison ok,5,14,mars,2021
"envoi rapide , produit conforme et beau , j‚Äôaime beaucoup .",5,14,mars,2021
"produit conforme √† mon attente, donc tr√®s bon et livraison rapide",5,14,mars,2021
tr√®s rapide et de bonne qualit√©,5,14,mars,2021
rien √† remarquer,4,13,mars,2021
tres bon suivi clientele,5,13,mars,2021
"site parfait, √©change r√©alis√© imm√©diatement.",5,12,mars,2021
toujours satisfaite des produits command√©s. j'ai vraiment appr√©ci√© qu'on me rappelle pour v√©rifier ma commande avant l'envoi afin d'√©viter des erreurs,5,12,mars,2021
de grosses anomalies faisant douter d un site de piratage demande de renseignements avec une adresse invalide puis un no de t√©l√©phone qui ne r√©pond pas j ai r√©agi en opposant ma carte bancaire ce qui m a fait perdre 5 jours pr√©cieux a fuir absolument,1,12,mars,2021
livraison dans les temps mod√®le conforme √† ma commande et contant de la qualit√© du produit.,5,10,mars,2021
correspond parfaitement √† la commande.merci du soin apport√© √† la correspondance entre la coque et l'appareil,5,12,mars,2021
service rapide et fluide,5,12,mars,2021
"tr√®s professionnel.. on m‚Äôa contact√©e par mail, et par t√©l√©phone (comme je n‚Äôavais pas vu le mail), afin de v√©rifier ensemble que ma commande √©tait la bonne par rapport au mod√®le ancien ipad pro. envoi rapide. article de bonne qualit√©.",5,11,mars,2021
"service rapide, rien √† rajouter. je suis tr√®s satisfaite du service et du produit merci",5,11,mars,2021
"suite √† ma commande ,j'ai eu appel pour pr√©cision ,afin que l'article command√© soit compatible ,j'ai appr√©ci√© car ainsi il n'y a pas de d√©convenue n√©cessitant un retour.c'est signe de s√©rieux et de professionnalisme.merci",5,11,mars,2021
"jusqu‚Äôa ce jour je suis tr√®s contente de vos produits.le seul souci c‚Äôest que √ßa n‚Äôest pas tjours facile de choisir le mod√®le correspondant √† notre appareil.heureusement, vous envoyez un mess. pour √©viter des retours inutiles et contrariants. mais je vous ai √©crit 2 messages pour me renseigner et je vous ai tel...apr√®s le mess, √ßa raccroche. impossible de vous avoir au tel.bref, au final, √ßa s‚Äôarrange, mais ce serait plus simple d‚Äôavoir une r√©ponse a nos mails et non nous renvoyer √† votre site. √ßa on le fait avant de vous demander de l‚Äôaide. franchement pour une novice comme moi, √ßa ne veut rien dire ce qu‚Äôil y a sur votre d√©roul√© de √ßhoix. par contre vous noter le num√©ro derri√®re notre ipad (par exemple) oui!!!! bien √† vous",4,10,mars,2021
envoi rapide et soign√©. produit conforme √† la description et de tr√®s bonne qualit√©. je suis tr√®s satisfaite,5,10,mars,2021
produit conforme au besoin et √† la description. livraison rapide.,5,10,mars,2021
"envoy√© rapidement, conforme a la √©tat indiqu√©.",5,18,mars,2021
"aspirateur tr√®s maniable, l√®ger,il me satisfait tout √† fait , bon rapport qualit√® prix.j'en suis tr√®s contente.",4,18,mars,2021
"beau produit, livraison rapide et soign√©e",5,16,mars,2021
"comme d'habitude, livraison tr√®s rapide, et l'article de bonne qualit√©, comme √† chaque fois je suis satisfait  de demarq online.",5,15,mars,2021
excellente boutique ! rapide et conforme  a l achat.,5,15,mars,2021
prix satisfaisant et livraison tres rapide,5,15,mars,2021
produit tr√®s tr√®s bien livraison rapideje recommande,5,14,mars,2021
aucun des 3/4 articles que j'ai command√© ne fonctionnaient !!,1,13,mars,2021
exp√©rience tres satisfaisante. produit exp√©di√© et receptionn√© sous 24 h.bravo,5,13,mars,2021
"bonjour, j'ai re√ßu mon r√©frig√©rateur rapidement, mais malheureusement il y avait un d√©faut... heureusement le service sav et commercial on mis tous en ≈ìuvre pour r√©cup√©rer l'ancien frigo et ainsi m'envoyer un nouveau. merci √† eux car c'√©tait ma premi√®re commande et j'ai eu peur de mettre fait bern√© ",5,12,mars,2021
j'ai eu un souci sur la livraison qui a √©t√© r√©gl√© tr√®s efficacement par le service client! j'ai bien re√ßu ma commande qui √©tait conforme √† mes attentes.,5,12,mars,2021
le service client a su r√©pondre efficacement √† ma demande.,5,12,mars,2021
"livraison tr√®s rapide. commande faite √† 5h30 du matin, r√©ception du produit en point relais le lendemain midi.juste le carton qui avait un coin d√©chir√©, produit en tr√®s bon √©tat.deuxi√®me commande chez demarq-online.com, deuxi√®me satisfaction.",5,26,f√©vrier,2021
site s√©rieux. envoi rapide. prdoduits t√©taf ok !,5,12,mars,2021
"commande hier matin, arriv√©e cet apr√®s-midi. colis bien pr√©par√©.  rapide efficace. super contente.",5,12,mars,2021
tout est parfait,5,11,mars,2021
toujours des produits moins chers et de qualit√© .,5,11,mars,2021
produit correspondant √† mes attentes et √† prix int√©ressant,5,10,mars,2021
produits de marque pas cher livraison rapide √ßa fait quelques ann√©es que j‚Äôach√®te chez demarq toujours satisfait.,5,10,mars,2021
"une commande d'un aspirateur robot rowenta. tout s'est tr√®s bien pass√©, de la commande √† la livraison. au top",5,10,mars,2021
je suis tr√®s satisfaite des produits command√©s :conformes √† ma commande.service client√®le r√©actif et contact facile et sympathique.je recommande ce site o√π les produits de marque sont √† des prix accessibles.,5,1,mars,2021
malgr√© un article re√ßu d√©fectueux le remplacement a √©t√© rapide et efficace. merci,5,8,mars,2021
"rien √† redire:livraison rapide, produit conforme.",5,4,mars,2021
"suite √† mon message du 26/02/2021, il me para√Æt n√©cessaire d'ajouter que demarq online a apr√®s cela rapidement pris contact avec moi et m'a communiqu√© les courriers √©lectroniques √©chang√©s avec chronopost. il en ressort que demarq online est effectivement intervenue aupr√®s de chronopost √† propos de cette livraison et que les difficult√©s rencontr√©es sont dues aux relations entre les points relais et chronopost ainsi qu'√† une communication d√©faillante de chronopost, tant envers les destinataires des colis, qu'en interne entre ses propres services.par ailleurs, demarq online a fait en sorte que je sois d√©dommag√© des d√©sagr√©ments de cette m√©saventure et je constate ainsi que cette entreprise se soucie r√©ellement de la satisfaction de ses clients. en cons√©quence, je lui conserve toute ma confiance.",5,3,mars,2021
commande rapide et impeccable,5,3,mars,2021
personnels d√©sagr√©able ! vous r√©pond √† coter ou sans tape..... je passe mon je vais ailleurs pffff,2,2,mars,2021
"tr√®s bon site, exp√©dition rapide, livraison en point relais.je suis tr√®s satisfaite, de la plaque vitroc√©ramique √† un prix d√©fiant toute concurrence car cela faisait plusieurs semaines, que je chercher une marque √† un prix avantageux.je suis enchant√©.aucun souci, avec la facture, un num√©ro de t√©l√©phone il fournit en cas de probl√®me.je recommande vivement.",5,1,mars,2021
bon suivi de commande et retrait sur place pratique,4,1,mars,2021
vite et bien recu..bien emball√©..ras,5,1,mars,2021
"oui √ßa va, envoi rapide, produit conforme, etc. merci",5,28,f√©vrier,2021
"le produit est conforme √† la commande et le prix √©tait tr√®s attractif, mais la livraison a √©t√© une v√©ritable catastrophe. elle devait √™tre effectu√©e dans un point relais √† proximit√© de mon domicile mais le suivi du colis sur internet a r√©v√©l√© un blocage de la marchandise dans une agence chronopost situ√©e √† plus de 40 km de chez moi. aucune alerte, aucun message d'explication. au bout de 6 jours d'immobilisation, j'appelle le service client de chronopost. on m'indique que les d√©p√¥ts relais n'acceptent pas les colis pesant plus de 5 kg et on m'invite √† choisir entre une livraison √† domicile (√† convenir avec demarq online) ou r√©cup√©rer par mes propres moyens la marchandise dans l'agence o√π elle est bloqu√©e. je me d√©cide pour la seconde solution qui me para√Æt plus s√ªre et plus rapide. on m'assure qu'un message de confirmation suivra. j'informe le service client de demarq online qui s'offusque de la r√©ponse de chronopost et dit vouloir intervenir. je  demande √† ce que la marchandise reste dans l'agence o√π elle se trouve. on me promet l√† aussi une confirmation par mail. ne pouvant me rendre imm√©diatement dans l'agence chronopost concern√©e, j'essaie de la joindre pour m'assurer que le colis s'y trouvera toujours quand j'irai le chercher. j'appelle le num√©ro indiqu√© dans les pages jaunes. il est diff√©rent de celui du service client mais c'est quand m√™me le service client qui me r√©pond. on me dit de ne pas m'inqui√©ter, que la marchandise restera le temps n√©cessaire dans l'agence et qu'un message me sera envoy√© pour me le pr√©ciser. ni chronopost ni demarq online ne m'ont adress√© le moindre message pour me tenir inform√© des al√©as de la livraison ! et bien entendu quand j'ai voulu r√©cup√©rer mon colis, il n'√©tait pas dans l'agence de chronopost o√π on m'avait assur√© qu'il serait mais dans le d√©p√¥t d'un sous-traitant situ√©... dans la ville o√π j'habite ! j'ai donc d√ª faire 100km aller-retour uniquement pour savoir o√π se trouvait ma marchandise !la malheureuse employ√©e de chronopost qui a √©t√© t√©moin de ma col√®re n'a pu que m'expliquer que c'√©tait ""normal"" parce que le service client de chronopost n'√©tait pas au courant des modalit√©s de travail de l'agence et ne connaissait pas ses sous-traitants !j'ai finalement r√©ussi √† r√©cup√©rer mon colis, dans un endroit improbable, tr√®s difficile √† trouver car aucune signalisation n'a √©t√© mise en place. un gros effort d'information et de coordination para√Æt indispensable et urgent.",3,26,f√©vrier,2021
"tout s'est bien d√©roul√© de la commande √† la livraison, je recommande",5,26,f√©vrier,2021
"exp√©dition rapide et gratuite en point relais, produit neuf original, √† prix discount, parfait!",5,26,f√©vrier,2021
"toujours tr√®s satisfaite,c‚Äôest toujours tr√®s rapide.",5,26,f√©vrier,2021
je ne suis jamais d√©√ßu.,5,26,f√©vrier,2021
"parfait !  facilit√© de commande , rapidit√© d'exp√©dition et de livraison",5,25,f√©vrier,2021
vendeur tr√®s s√©rieux je repasserai commande sans soucis,5,25,f√©vrier,2021
"four au topcommande pass√©e sur internet et rapidit√© parfaite. par contre le point de retrait. b√©mol ++on ne m a pas aid√© pour mettre le four (42 kg not√© sur le bon de livraison) dans ma voiture car on m'a r√©pondu "" on n √† plus le droit de sortir √† cause du covid.""je trouve cela non justifi√© si j avais quelques ann√©es de plus j'aurai laiss√© clairement mon four la bas pour le remerciement.",3,25,f√©vrier,2021
produit de tr√®s bonne qualit√©,5,24,f√©vrier,2021
rapide efficace et bons prix,5,24,f√©vrier,2021
"site tr√®s facile d'utilisation, des r√©ponses et livraisons rapides.",5,18,mars,2021
rapidit√© et prix,5,16,mars,2021
produit conforme et vite livr√©,5,15,mars,2021
je suis tr√®s satisfait du service rendu par domomat. livraison rapide et efficace.,5,15,mars,2021
"miroir command√© mardi midi, livr√© le lendemain matin.",5,13,mars,2021
"commande et livraison rapide .produits conformes ,prix comp√©titif . aucun probl√®me pour une 1ere cde",5,12,mars,2021
carton arriv√© en bon √©tat et dans le d√©lai. √† priori rien ne manque. vmc pas encore pos√© mais d√©j√† utilis√© pour un autre logement et fonctionne tr√®s bien.,5,12,mars,2021
ok badge re√ßu en 1 semaine,4,9,mars,2021
produit et livraison conformes √† mes attentes.,5,8,mars,2021
"tr√®s bonne prestations,  livraison conforme aux conditions √©nonc√©. sav reactif et facilement joignable.",4,18,f√©vrier,2021
livr√© rapidement. tr√®s s√©rieux. je conseille.,5,6,mars,2021
livraison rapide et conforme,5,6,mars,2021
"rapport/qualit√©  excellente, livraison rapide. je recommande.",5,6,mars,2021
le produit command√© √©tait en rupture d‚Äôapprovisionnement mais apr√®s un simple appel donomat a pu m‚Äôen envoyer un stock√© dans leur atelier. je l‚Äôai donc eu √† temps pour faire mes travaux.,4,24,f√©vrier,2021
produits conformes √† la commande et r√©ception dans les d√©lais,5,5,mars,2021
"prix attractif, rapidit√© d'exp√©dition, tr√®s bonne communication, r√©activit√© du service client. fournisseur √† garder et a conseiller.",5,12,f√©vrier,2021
"entreprise choisie pour le rapport qualit√© / prix ,de l'article dont j'avais besoin .avec une bonne description sur le site web,disponibilit√©, livraison rapide. parfait",5,3,mars,2021
"tr√®s satisfaite de la gestion de ma commande, tant au niveau des renseignements sur le mat√©riel, que des d√©lais de livraison et de la qualit√© du transporteur. je recommande cette entreprise.",5,2,mars,2021
"toujours pas livre apres 5 semaines d'attente au lieu de 1 √† 2 soit disant.......bravo pour le service car en tant que professionnel, je suis oblig√© de faire patienter mes locataires...aucun service client, aucun appel pour tenir inform√© des d√©lais et aucune explication...",1,28,f√©vrier,2021
"tr√®s satisfait du produit, je le connais depuis 9 ans",5,15,f√©vrier,2021
produits correspondants √† mes attentes et envoi rapide,5,,,
"parfait, j'avais besoin d'une pi√®ce tr√®s rapidement, une heure apr√®s ma commande, elle √©tait en cours de livraison ! merci pour votre r√©activit√© !!",5,,,
ras et rapide,5,,,
les prix sont abordables d√©lai de livraison respect√©s,5,,,
livraison conforme et rapide,5,,,
"tr√®s bien, produits comme livraison",5,,,
aucun souci. a tester √† la saison,5,,,
tr√®s contente de ma commande comme toujours. je recommande,5,,,
livraison rapide et √† la date pr√©vue.merci,5,,,
"super produit,au top,livr√© en deux jours. je recommande.bravo votre √©quipe.",5,,,
tr√®s rapide colis re√ßu lendemain,5,,,
super r√©actif !! livraison faite au lendemain de ma commande,5,,,
"tr√®s bonne relation commerciale, et √©galement prix tr√®s concurrentiel et delai de livraison tr√®s rapide-clt",5,,,
"rapide , conforme.",5,,,
"excellent tres rapide et r√©actif, par contre le nom de l'expediteur n'est pas domomat quand le colis arrive, donc cela pr√™te a confusion,",4,,,
"bonjour, produit re√ßu tr√®s rapidement, conforme √† la commande, tr√®s, tr√®s bien emball√© dans double carton + bulle, rapport qualit√© / prix: imbattable, mis en place en 15' + joint silicone; ne pas h√©siter √† acheter sur ce site.",5,,,
tr√®s bien produit livr√© en temps et en heure,5,,,
tr√®s rapide et conforme,5,,,
"des conseillers au top , d exellents judicieux conseils",5,,,
d√©lai de livraison non respect√©ils √©voquent un d√©m√©nagement r√©cent!!!et aussi c'est la faute de la poste!!!ils n'y sont pour rien !!!sauf que pour encaisser ils sont l√†c'est la premi√®re et derni√®re fois que je serai client de ce site,1,,,
tr√®s bien.achat d'une tv en r√©approvisionnement. livraison tr√®s rapide une fois que la tv est disponible.,5,21,mars,2021
livraison dans le d√©lai annonc√©. le livreur a port√© l'appareil jusqu'√† notre logement. nous sommes tr√®s satisfaits,5,20,mars,2021
"rapidit√©, prix tr√®s comp√©titif, livraison correspondant parfaitement √† la commande et livr√©e avant le d√©lai annonc√©, livreur parfait qui m‚Äôa aid√© jusqu‚Äô√† mon domicile, etc...",5,20,mars,2021
"nous sommes satisfaits de notre hotte elica sweet malgr√© le retard de livraison. en revanche, impossible de trouver la rehausse pour qu'elle touche le plafond et cache la prise visible sans celle-ci...c'est dommage...",4,20,mars,2021
"excellent , meilleur prix , livraison supra rapide . vraiment un site s√©rieux , on peut les contacter par t√©l√©phone, tr√®s r√©actif . je vous remercie",5,20,f√©vrier,2021
mat√©riel neuflivraison rapide et livreurs tr√®s sympathiques,5,19,mars,2021
"prix d√©fiants toute concurrence.produits de qualit√©.service client top niveau.livraison dans les d√©lais.rien √† redire, je vous conseille vivement ce site.",5,22,f√©vrier,2021
"malgr√© un probl√®me √† la production, je souligne la r√©activit√© de privanet35.toute question a eu une r√©ponse. livraison dans les temps. et probl√®me r√©gl√© rapidement",5,19,mars,2021
"tr√®s bien, super produit, exp√©dition dans les temps",5,19,mars,2021
meilleur prix trouv√© chez privanet sur une tv lg. la t√©l√© est arriv√© en bon √©tat et dans les d√©lais annonc√©s. je recommande privanet !,5,19,mars,2021
je suis pleinement satisfaite de la hotte elica que j'ai achet√©e avec les conseils de vos services qui m'ont r√©serv√© un tr√®s bon accueil,5,19,mars,2021
"service client au top, livraison rapide",5,18,mars,2021
tout √† √©t√© ok:acceuil. livraison rapide. prix tr√®s comp√©titif. je recommande cette soci√©t√©.,5,17,f√©vrier,2021
"parfait! exp√©dition super rapide, produit tr√®s bien emball√©, tout est nickel!",5,17,mars,2021
"livraison rapide et soign√©e, service client efficace et agr√©ableje recommande !",5,17,mars,2021
"super site, une soci√©t√© au top, un super accueil t√©l√©phonique, et rapidit√© de l'envoi du produit ! je recommande vivement.",5,17,mars,2021
livraison rapide et commande conforme. je recommande,5,17,mars,2021
livr√© rapidement.prix tr√®s comp√©titif.,5,17,mars,2021
livraison rapide,5,3,mars,2021
"tr√®s bien; livraison rapide, je recommande ce site.",4,16,mars,2021
"tr√©s bonne exp√©rience sur ce site. achat conforme d'un r√©frig√©rateur, suivi efficace et livraison rapide suis tr√©s satisfait.",5,16,mars,2021
premi√®re commande parfaite. commande re√ßue dans les d√©lais.suivi transporteur assur√© par hot line siteproduit conforme et livr√© en main propre √©tat impeccableprix produit tr√®s comp√©titif deuxi√®me commandes en cours.,5,15,mars,2021
"commande tr√®s bien assur√©e, c√¥t√© livraison et produit impeccable..tr√®s satisfait du produit. merci..",5,15,mars,2021
les conditions de la livraison n'√©taient pas assez explicites. le livreur a fait quelques efforts pour descendre quelques marches avec l'article command√©.heureusement que j'ai pu compter sur l'aide de celui venu r√©cup√©rer mon ancien cong√©lateur afin d'amener le nouveau cong√©lateur dans la pi√®ce pr√©vue.,3,10,mars,2021
commande facile √† passer. prix tr√®s correct. choix pour le r√®glement. et article re√ßu hyper rapidement. site recommand√©!,5,14,mars,2021
simple et efficace,5,14,mars,2021
"colis bien re√ßu, produit au top et vraiment un super bon prix !les d√©lais √©tait long pour la r√©ception de mon ampli, mais cela est d√ª √† la p√©nurie des fabricants a cause du covid. donc je suis super content d'avoir obtenu d√©j√† un produit.",5,13,mars,2021
achat non finalis√© suite casse tv par transporteur,2,13,mars,2021
tr√®s bon vendeurenvoi rapideconforme,5,13,mars,2021
tr√®s bien !!!!!!,5,13,mars,2021
des renseignements avant ma commande jusqu'√† la livraison tout a √©t√© parfait. je recommande ce site.,5,11,f√©vrier,2021
service t√©l√©phonique tr√®s sympathique et comp√©tent. la commande √† √©t√© livr√©e dans les temps. je recommande vivement.,5,13,mars,2021
des produits r√©cents aux meilleurs prix.pas de fausses soldes.suivi de commande efficace.livraison au top.,5,12,mars,2021
livraison rapide tres bien emball√© + que dans les temps,5,11,mars,2021
"excellent servicecommande pass√©e pendant un √©pisode neigeux cet hiver, donc ma commande a prie du retard dans sa livraison, mais j'ai parfaitement √©t√© avis√© de son d√©roulement.",5,11,mars,2021
commande pass√©e avec un certaine appr√©hension car je ne connaissais pas le vendeur. validation de la commande rapide( un lundi soir)exp√©dition le lendemain r√©ception de ma commande le mercredi.donc tr√®s tr√®s rapide.communication et r√©activit√© au top de privanet35. a recommander les yeux ferm√©s. un chose est s√ªr je recommanderai a nouveau sur ce site. et en plus ils sont moins cherau top continu√© comme cela. il faut aussi savoir le dire quand tout ce passe bien.,5,15,f√©vrier,2021
"premi√®re commande sur privanet35, contente de mon achat.site s√©rieux - livraison tr√®s rapide",5,10,mars,2021
tout ok dommage que personne ne r√©pond au tel,5,10,mars,2021
produit conforme et livraison rapide.,5,10,mars,2021
"impeccable, livraison rapide.",5,10,mars,2021
livraison et produit correspondant parfaitement √† mes attentes,5,21,mars,2021
top rapide et conforme,5,20,mars,2021
livraison ultra rapide. produits conformes aux descriptions.,5,20,mars,2021
commande livr√©e rapidement. bon emballage. tarif plus que raisonnable par rapport √† la concurrence.r√©activit√© du service apr√®s vente pour une question technique. je ne peux que recommander.,5,19,mars,2021
envoi rapide,5,17,mars,2021
bien re√ßu. produit conforme √† la photo.livraison dans les d√©lais.commande sans accroc! merci ,5,16,mars,2021
commande de 2 brosses √† dents √©lectriques arriv√©e rapidement et sans probl√®me. rien √† redire.,5,11,mars,2021
"bon produit, re√ßu bien emball√© et dans les temps",5,15,mars,2021
livraison rapide article conforme √† la description,5,15,mars,2021
bon achat.  rapport qualit√©/prix excellent. sauf la livraison... pas respect√© le point  relais !,5,15,mars,2021
parfait - livraison colissimo impeccable et rapide -  ipad qui correspond parfaitement √† ce que je recherchais ,5,15,mars,2021
"article command√© il y a 8 jours et toujours pas exp√©di√©. j'essaie depuis 2h de les appeler au t√©l√©phone, et pas de r√©ponse, m√™me pas un standard t√©l√©phonique.je commence √† me demander si ce site n'est pas une arnaque...",1,15,mars,2021
super prixsuper site,5,15,mars,2021
tr√®s rapide super,5,14,mars,2021
aucun soucis.rien √† redire. command√© une cafeti√®re un dimanche et re√ßu le mercredi. le meilleur prix que j ai pu trouver ,5,7,mars,2021
"tres bien,recu rapidement",5,14,mars,2021
bonjour je suis tr√©s contente de l'envoi de m'a commande.cordialement.,5,13,mars,2021
c'est ma troisi√®me commande sur ce site et je suis toujours aussi satisfait.,5,12,mars,2021
"je ne connaissais pas tpup mais commande faite, j'ai √©t√© avis√©e du d√©part de mon article et de la date d'arriv√©e. tout s'est tr√®s bien pass√©. f√©licitations √† tpup !",5,11,mars,2021
super livraison incroyablement rapide sa fait la deuxi√®me fois ,5,10,mars,2021
au top pour tout,5,9,mars,2021
"excellent site ! j'ai trouv√© mon bonheur et √† un prix d√©fiant toute concurrence, franchement tr√®s tr√®s contente :) exp√©dition et livraison tr√®s rapide (command√© le lundi soir, expedi√© le mardi et re√ßu le mercredi). colis tr√®s bien emball√© et prot√©g√©.je recommande !",5,1,mars,2021
rapide et soign√©,5,8,mars,2021
"livraison comme pr√©vue et demand√©e , bonne communication et prix int√©ressant",5,4,mars,2021
parfait livraison rapide !,5,7,mars,2021
attention manque de cotes sur les plans des produits. j'ai du retourner mes articles,4,7,mars,2021
bonjour j‚Äôattend encore mon remboursement de la premi√®re mensualit√© de mon t√©l√©phone apple 11pro 64 go commande num√©ro yvjyazkys depuis le 15/01/2020 sois disant rembourser sous 15 jours voudriez vous que je vous ach√®te un calendrier apr√®s renseignements aupr√®s de sofinco c‚Äôest bien √† trup de me rembourser la premi√®re mensualit√© dans l‚Äôattente,1,6,mars,2021
tres bonne qualit√© et livraison au top,5,6,mars,2021
reception plus rapide que pr√©vu ..et accueil tel parfait par rapport √† des questions sur le produit . efficace seul le suivi de la poste est nul mais il n'y sont pour rien.,5,6,mars,2021
structure s√©rieuse en tout point ! je recommande vivement.,5,6,mars,2021
"livraison rapide, produit conforme",5,6,mars,2021
"article avec des traces , un √©l√©ment √† l‚Äôenvers. et pas de r√©ponse √† mon dernier mail.",2,19,f√©vrier,2021
"j'ai longuement h√©sit√© avant de commander ma friteuse chez tpup car je n'avais jamais entendu parler de cette entreprise. finalement, le prix imbattable du produit m'a d√©cid√©e √† me lancer. je n'ai absolument aucun regret, bien au contraire. le suivi de ma commande a √©t√© impeccable et la livraison rapide et soign√©e. je n'h√©siterai plus √† commander chez eux la prochaine fois.",5,3,mars,2021
article conforme !!! livraison √©clair !!! a recommander +++++++++,5,3,mars,2021
"livraison rapide, parfait !",5,3,mars,2021
"pour la commande et la livraison c‚Äô√©tait parfait. par contre l‚Äôarticle a des marques et un √©l√©ment ne correspond pas √† la photo de la bo√Æte et il est √† l‚Äôenvers.  on dirait un article reconditionn√©. j‚Äôai effectu√© une demande, on m‚Äôa dit que non mais on ne m‚Äôa rien propos√©. je m‚Äôattendais au minima a un geste commercial.",3,27,f√©vrier,2021
ras super produit,5,1,mars,2021
livraison dans les temps et conforme √† la commande rien √† dire,5,1,mars,2021
traitement de commande et exp√©dition tr√®s rapide. nickel..,5,28,f√©vrier,2021
livraison rapide. a recommander.,4,26,f√©vrier,2021
boiter maintenancequalit√© excellente prix raisonnable la dur√©e et tr√®s longue 7 mois en g√©n√©ral,5,21,mars,2021
transaction conclue avec facilit√©. excellent vendeur. merci,5,20,mars,2021
excellent sous toutes les coutures.,5,20,mars,2021
livraison ultra rapide.mat√©riel au top.je suis tr√®s satisfait,5,19,mars,2021
produit conforme √† description. prix concurrentiel. livraison dans les temps.,5,19,mars,2021
"parfait, merci",5,19,mars,2021
tres professionnel excellent conseils et rapidit√© bravo,5,19,mars,2021
vendeur tr√®s s√©rieux,5,19,mars,2021
prix tr√®s comp√©titifs sur certains produits.livraison rapide de la commande.colis bien emball√©.,5,19,mars,2021
"livraison incroyablement rapide, tr√®s bon mat√©riel. au top !",5,18,mars,2021
parfait merci pose r√©alis√©e sans pb,5,18,mars,2021
"rapide, efficace et pas cher.",5,17,mars,2021
meilleur prix trouv√© pour des toners d'imprimante laser. livraison rapide et dans de bonnes conditions.,5,17,mars,2021
"livraison rapide, produit conforme et aucun probl√®me √† signaler. je recommande !",5,17,mars,2021
"prix comp√©titifs, stocks r√©els donc d√©lais de livraison toujours respect√©s.",5,17,mars,2021
"commande bien re√ßue, conforme et livr√©e bien emball√©e. le transporteur tnt a fait un effort pour me relivrer le samedi suite √† une premi√®re tentative de livraison rat√©e (erreur interphone).",5,15,mars,2021
envoi rapider√©ception parfaitemat√©riel de qualit√©,5,15,mars,2021
livraison tr√®s rapide. aucun probl√®me,5,14,mars,2021
"comme toujours, site ergonomique simple et rapide.choix du livreur ultra rapide et pro. mat√©riel multi-colis bien film√©, sur palette.",5,13,mars,2021
"moins cher que des "" grands sites"" et envoi rapide.bravo",5,13,mars,2021
tarifs tr√®s comp√©titifs. livraison tr√®s rapide. parfait,5,13,mars,2021
"tr√®s bonne communication, entreprise s√©rieuse.",5,13,mars,2021
"produit conforme, emballage parfait, livraison rapide accueil t√©l√©phone tr√®s bien et prix comp√©titif pour une premi√®re c‚Äôest r√©ussi",5,12,mars,2021
bonne r√©activit√© et bonne qualit√© de sav.produits disponibles rapidement.,4,12,mars,2021
"achat d'une imprimante multifonction laser couleur brother, le service client a r√©pondu √† mes questions via le tchat en ligne ainsi que par t√©l√©phone tr√®s cordialement, ils sont comp√©tents et tr√®s aimables. je recommande chaudement cette soci√©t√© pour son s√©rieux et pour sa diligence √† r√©gler un petit probl√®me de livraison qui ne leur √©tait pas imputable !merci encore !",5,12,mars,2021
livraison tr√©s rapide.contact avec technicien clair.bref rien √† dire .parfait,5,11,mars,2021
tr√®s satisfaite de notre commande,5,11,mars,2021
rapide et efficace.,5,11,mars,2021
produit conforme a la description. livraison dans les temps.,5,4,mars,2021
"tr√®s bonne imprimante, rapide.",5,10,mars,2021
"d√©sol√© , mais c'est le transporteur qui devrait √™tre not√© !1 semaine de d√©lais alors que la marchandise √©tait en stock ! dommage, si je recommande quelque chose , je saurais que les d√©lais ne sont pas respect√©s .",1,9,mars,2021
prix attractif et livraison rapide,5,7,mars,2021
rapidit√© de l'exp√©ditionbonne qualit√© des produits,5,7,mars,2021
"nous sommes vraiment ravis de mat√©riel informatique: rapidit√©, efficacit√© !service client au top.je recommande ce site.",5,6,mars,2021
correspond √† la description,5,6,mars,2021
"premier achat sur le site, prix tr√®s attractif les moins cher sur le mod√®le recherch√©.possibilit√© de les joindre en tchat plutot pratique.possibilit√© d‚Äôavoir une alerte email pour les stocks de autre point fort !quant a la livraison, rien a dire ! livr√© en moins de 48h !parfait !",5,6,mars,2021
tout simplement les bests pour les imprimantes,5,5,mars,2021
achat et conseils t√©l√©phoniques top !,5,1,mars,2021
"les d√©lais sont tenus, bien livr√©s dans les temps.si un produit venait √† ne pas √™tre disponible, on est pr√©venu de suite et la proposition d'un autre article est propos√©.bref rien √† redire, je ne peux que recommander et en plus quand j'ai compar√© les articles sont moins chers chez eux..",5,5,mars,2021
parfait. je recommande...,5,5,mars,2021
